p0,p1,p2,p3,p4,p5,objective,actually_measured,lookahead,model_name,acquisition_function
#pragma clang loop(j2) pack array(A) allocate(malloc), ,"#pragma clang loop(i1,j1,k1,i2,j2) interchange permutation(j1,k1,i1,j2,i2)",16,50,20,-0.0013859999999999999,True,-1,initial_sampling,Random_Sampling
 , , ,128,2048,128,-0.001225,True,0,GaussianProcessRegressor(kernel=DotProduct(sigma_0=1) + WhiteKernel(noise_level=1)),ei
 , , ,128,2048,128,-0.001225,True,0,"GaussianProcessRegressor(kernel=Matern(length_scale=1, nu=1.5))",ei
#pragma clang loop(j2) pack array(A) allocate(malloc),#pragma clang loop(i1) pack array(B) allocate(malloc), ,128,16,80,-0.0015025,True,0,GaussianProcessRegressor(kernel=RBF(length_scale=1)),ei
#pragma clang loop(j2) pack array(A) allocate(malloc),#pragma clang loop(i1) pack array(B) allocate(malloc), ,128,2048,128,-0.0015665,True,0,"GaussianProcessRegressor(kernel=RationalQuadratic(alpha=1, length_scale=1))",ei
 , , ,4,8,4,-0.001491,True,0,GaussianProcessRegressor(kernel=DotProduct(sigma_0=1) + WhiteKernel(noise_level=1)),ei
 ,#pragma clang loop(i1) pack array(B) allocate(malloc), ,128,2048,128,-0.0012545,True,0,"GaussianProcessRegressor(kernel=Matern(length_scale=1, nu=1.5))",ei
 , , ,128,16,80,-0.0011055,True,0,GaussianProcessRegressor(kernel=RBF(length_scale=1)),ei
 ,#pragma clang loop(i1) pack array(B) allocate(malloc),"#pragma clang loop(i1,j1,k1,i2,j2) interchange permutation(j1,k1,i1,j2,i2)",128,2048,128,-0.0012515,True,0,"GaussianProcessRegressor(kernel=RationalQuadratic(alpha=1, length_scale=1))",ei
 ,#pragma clang loop(i1) pack array(B) allocate(malloc), ,128,2048,128,-0.0012545,True,0,GaussianProcessRegressor(kernel=DotProduct(sigma_0=1) + WhiteKernel(noise_level=1)),ei
 ,#pragma clang loop(i1) pack array(B) allocate(malloc), ,128,2048,128,-0.0012545,True,0,"GaussianProcessRegressor(kernel=Matern(length_scale=1, nu=1.5))",ei
 , , ,100,8,50,-0.0013595,True,0,GaussianProcessRegressor(kernel=RBF(length_scale=1)),ei
#pragma clang loop(j2) pack array(A) allocate(malloc),#pragma clang loop(i1) pack array(B) allocate(malloc),"#pragma clang loop(i1,j1,k1,i2,j2) interchange permutation(j1,k1,i1,j2,i2)",128,2048,128,-0.000668,True,0,"GaussianProcessRegressor(kernel=RationalQuadratic(alpha=1, length_scale=1))",ei
#pragma clang loop(j2) pack array(A) allocate(malloc), , ,100,100,64,-0.0020905,True,0,"GaussianProcessRegressor(kernel=Matern(length_scale=1, nu=1.5))",ei
 ,#pragma clang loop(i1) pack array(B) allocate(malloc), ,96,128,128,-0.0011654999999999999,True,0,GaussianProcessRegressor(kernel=DotProduct(sigma_0=1) + WhiteKernel(noise_level=1)),ei
 , ,"#pragma clang loop(i1,j1,k1,i2,j2) interchange permutation(j1,k1,i1,j2,i2)",100,8,256,-0.001271,True,0,"GaussianProcessRegressor(kernel=RationalQuadratic(alpha=1, length_scale=1))",ei
#pragma clang loop(j2) pack array(A) allocate(malloc),#pragma clang loop(i1) pack array(B) allocate(malloc), ,128,2048,256,-0.0016375,True,0,"GaussianProcessRegressor(kernel=Matern(length_scale=1, nu=1.5))",ei
 , , ,64,128,64,-0.001268,True,0,GaussianProcessRegressor(kernel=RBF(length_scale=1)),ei
 ,#pragma clang loop(i1) pack array(B) allocate(malloc), ,128,128,256,-0.0010905,True,0,GaussianProcessRegressor(kernel=DotProduct(sigma_0=1) + WhiteKernel(noise_level=1)),ei
 , ,"#pragma clang loop(i1,j1,k1,i2,j2) interchange permutation(j1,k1,i1,j2,i2)",20,128,128,-0.001404,True,0,"GaussianProcessRegressor(kernel=RationalQuadratic(alpha=1, length_scale=1))",ei
#pragma clang loop(j2) pack array(A) allocate(malloc),#pragma clang loop(i1) pack array(B) allocate(malloc),"#pragma clang loop(i1,j1,k1,i2,j2) interchange permutation(j1,k1,i1,j2,i2)",128,128,256,-0.0036985,True,0,"GaussianProcessRegressor(kernel=RationalQuadratic(alpha=1, length_scale=1))",ei
 ,#pragma clang loop(i1) pack array(B) allocate(malloc),"#pragma clang loop(i1,j1,k1,i2,j2) interchange permutation(j1,k1,i1,j2,i2)",96,4,128,-0.001145,True,0,"GaussianProcessRegressor(kernel=RationalQuadratic(alpha=1, length_scale=1))",ei
#pragma clang loop(j2) pack array(A) allocate(malloc), ,"#pragma clang loop(i1,j1,k1,i2,j2) interchange permutation(j1,k1,i1,j2,i2)",96,128,256,-0.0022240000000000003,True,0,"GaussianProcessRegressor(kernel=RationalQuadratic(alpha=1, length_scale=1))",ei
#pragma clang loop(j2) pack array(A) allocate(malloc),#pragma clang loop(i1) pack array(B) allocate(malloc),"#pragma clang loop(i1,j1,k1,i2,j2) interchange permutation(j1,k1,i1,j2,i2)",128,128,128,-0.0005755000000000001,True,0,"GaussianProcessRegressor(kernel=RationalQuadratic(alpha=1, length_scale=1))",ei
#pragma clang loop(j2) pack array(A) allocate(malloc),#pragma clang loop(i1) pack array(B) allocate(malloc),"#pragma clang loop(i1,j1,k1,i2,j2) interchange permutation(j1,k1,i1,j2,i2)",16,2048,50,-0.0007485,True,0,"GaussianProcessRegressor(kernel=RationalQuadratic(alpha=1, length_scale=1))",ei
#pragma clang loop(j2) pack array(A) allocate(malloc),#pragma clang loop(i1) pack array(B) allocate(malloc), ,96,128,256,-0.002369,True,0,GaussianProcessRegressor(kernel=RBF(length_scale=1)),ei
 ,#pragma clang loop(i1) pack array(B) allocate(malloc),"#pragma clang loop(i1,j1,k1,i2,j2) interchange permutation(j1,k1,i1,j2,i2)",32,16,128,-0.001165,True,0,"GaussianProcessRegressor(kernel=RationalQuadratic(alpha=1, length_scale=1))",ei
 ,#pragma clang loop(i1) pack array(B) allocate(malloc),"#pragma clang loop(i1,j1,k1,i2,j2) interchange permutation(j1,k1,i1,j2,i2)",128,100,256,-0.001302,True,0,GaussianProcessRegressor(kernel=DotProduct(sigma_0=1) + WhiteKernel(noise_level=1)),ei
#pragma clang loop(j2) pack array(A) allocate(malloc), , ,96,128,50,-0.0019905,True,0,"GaussianProcessRegressor(kernel=RationalQuadratic(alpha=1, length_scale=1))",ei
 , ,"#pragma clang loop(i1,j1,k1,i2,j2) interchange permutation(j1,k1,i1,j2,i2)",16,128,128,-0.0014395,True,0,GaussianProcessRegressor(kernel=RBF(length_scale=1)),ei
 , ,"#pragma clang loop(i1,j1,k1,i2,j2) interchange permutation(j1,k1,i1,j2,i2)",50,100,256,-0.0011979999999999998,True,0,"GaussianProcessRegressor(kernel=RationalQuadratic(alpha=1, length_scale=1))",ei
 ,#pragma clang loop(i1) pack array(B) allocate(malloc),"#pragma clang loop(i1,j1,k1,i2,j2) interchange permutation(j1,k1,i1,j2,i2)",96,32,64,-0.001196,True,0,"GaussianProcessRegressor(kernel=RationalQuadratic(alpha=1, length_scale=1))",ei
#pragma clang loop(j2) pack array(A) allocate(malloc),#pragma clang loop(i1) pack array(B) allocate(malloc),"#pragma clang loop(i1,j1,k1,i2,j2) interchange permutation(j1,k1,i1,j2,i2)",32,32,4,-0.0018055,True,0,"GaussianProcessRegressor(kernel=RationalQuadratic(alpha=1, length_scale=1))",ei
 , ,"#pragma clang loop(i1,j1,k1,i2,j2) interchange permutation(j1,k1,i1,j2,i2)",128,50,128,-0.0016359999999999999,True,0,"GaussianProcessRegressor(kernel=RationalQuadratic(alpha=1, length_scale=1))",ei
#pragma clang loop(j2) pack array(A) allocate(malloc), ,"#pragma clang loop(i1,j1,k1,i2,j2) interchange permutation(j1,k1,i1,j2,i2)",128,2048,256,-0.0014904999999999999,True,0,GaussianProcessRegressor(kernel=DotProduct(sigma_0=1) + WhiteKernel(noise_level=1)),ei
#pragma clang loop(j2) pack array(A) allocate(malloc),#pragma clang loop(i1) pack array(B) allocate(malloc),"#pragma clang loop(i1,j1,k1,i2,j2) interchange permutation(j1,k1,i1,j2,i2)",32,2048,4,-0.0018629999999999999,True,0,"GaussianProcessRegressor(kernel=RationalQuadratic(alpha=1, length_scale=1))",ei
 , , ,96,2048,64,-0.001254,True,0,"GaussianProcessRegressor(kernel=RationalQuadratic(alpha=1, length_scale=1))",ei
#pragma clang loop(j2) pack array(A) allocate(malloc), , ,96,16,128,-0.0021000000000000003,True,0,"GaussianProcessRegressor(kernel=RationalQuadratic(alpha=1, length_scale=1))",ei
#pragma clang loop(j2) pack array(A) allocate(malloc), ,"#pragma clang loop(i1,j1,k1,i2,j2) interchange permutation(j1,k1,i1,j2,i2)",96,2048,256,-0.0013395,True,0,"GaussianProcessRegressor(kernel=RationalQuadratic(alpha=1, length_scale=1))",ei
 ,#pragma clang loop(i1) pack array(B) allocate(malloc),"#pragma clang loop(i1,j1,k1,i2,j2) interchange permutation(j1,k1,i1,j2,i2)",32,64,16,-0.0013915,True,0,"GaussianProcessRegressor(kernel=RationalQuadratic(alpha=1, length_scale=1))",ei
 ,#pragma clang loop(i1) pack array(B) allocate(malloc), ,96,4,16,-0.0013425000000000002,True,0,"GaussianProcessRegressor(kernel=RationalQuadratic(alpha=1, length_scale=1))",ei
#pragma clang loop(j2) pack array(A) allocate(malloc), , ,96,4,128,-0.00167346039182803,False,1,GaussianProcessRegressor(kernel=RBF(length_scale=1)),ei
#pragma clang loop(j2) pack array(A) allocate(malloc), ,"#pragma clang loop(i1,j1,k1,i2,j2) interchange permutation(j1,k1,i1,j2,i2)",32,2048,128,-0.0008691877590578656,False,1,"GaussianProcessRegressor(kernel=RationalQuadratic(alpha=1, length_scale=1))",ei
 , , ,32,50,128,-0.001642417930224127,False,1,"GaussianProcessRegressor(kernel=RationalQuadratic(alpha=1, length_scale=1))",ei
 ,#pragma clang loop(i1) pack array(B) allocate(malloc), ,128,64,256,-6.011500922098456e-05,False,1,"GaussianProcessRegressor(kernel=RationalQuadratic(alpha=1, length_scale=1))",ei
#pragma clang loop(j2) pack array(A) allocate(malloc), , ,96,32,256,-0.001740264952541093,False,1,"GaussianProcessRegressor(kernel=RationalQuadratic(alpha=1, length_scale=1))",ei
 ,#pragma clang loop(i1) pack array(B) allocate(malloc), ,80,64,128,-0.0008640623170208528,False,1,"GaussianProcessRegressor(kernel=RationalQuadratic(alpha=1, length_scale=1))",ei
 ,#pragma clang loop(i1) pack array(B) allocate(malloc), ,32,50,32,-0.000982807661035423,False,1,"GaussianProcessRegressor(kernel=RationalQuadratic(alpha=1, length_scale=1))",ei
#pragma clang loop(j2) pack array(A) allocate(malloc),#pragma clang loop(i1) pack array(B) allocate(malloc),"#pragma clang loop(i1,j1,k1,i2,j2) interchange permutation(j1,k1,i1,j2,i2)",16,100,128,-0.000522,True,0,"GaussianProcessRegressor(kernel=RationalQuadratic(alpha=1, length_scale=1))",ei
 ,#pragma clang loop(i1) pack array(B) allocate(malloc), ,128,32,256,-0.0013154999999999998,True,0,"GaussianProcessRegressor(kernel=RationalQuadratic(alpha=1, length_scale=1))",ei
#pragma clang loop(j2) pack array(A) allocate(malloc), , ,100,64,256,-0.0023434999999999997,True,0,"GaussianProcessRegressor(kernel=RationalQuadratic(alpha=1, length_scale=1))",ei
 ,#pragma clang loop(i1) pack array(B) allocate(malloc),"#pragma clang loop(i1,j1,k1,i2,j2) interchange permutation(j1,k1,i1,j2,i2)",96,20,4,-0.0018355000000000001,True,0,"GaussianProcessRegressor(kernel=RationalQuadratic(alpha=1, length_scale=1))",ei
 , , ,128,128,20,-0.0013235,True,0,"GaussianProcessRegressor(kernel=RationalQuadratic(alpha=1, length_scale=1))",ei
 , , ,50,8,8,-0.0014079063260510338,False,1,"GaussianProcessRegressor(kernel=RationalQuadratic(alpha=1, length_scale=1))",ei
#pragma clang loop(j2) pack array(A) allocate(malloc), , ,128,4,80,-0.0015056381403775188,False,1,"GaussianProcessRegressor(kernel=RationalQuadratic(alpha=1, length_scale=1))",ei
#pragma clang loop(j2) pack array(A) allocate(malloc), , ,20,100,32,-0.0017587527845104312,False,1,"GaussianProcessRegressor(kernel=RationalQuadratic(alpha=1, length_scale=1))",ei
 ,#pragma clang loop(i1) pack array(B) allocate(malloc), ,96,2048,128,-0.0013111414880313532,False,1,"GaussianProcessRegressor(kernel=RationalQuadratic(alpha=1, length_scale=1))",ei
 ,#pragma clang loop(i1) pack array(B) allocate(malloc),"#pragma clang loop(i1,j1,k1,i2,j2) interchange permutation(j1,k1,i1,j2,i2)",64,16,80,-0.0014425,True,0,"GaussianProcessRegressor(kernel=RationalQuadratic(alpha=1, length_scale=1))",ei
 ,#pragma clang loop(i1) pack array(B) allocate(malloc), ,4,2048,256,-0.0011775,True,0,"GaussianProcessRegressor(kernel=RationalQuadratic(alpha=1, length_scale=1))",ei
 ,#pragma clang loop(i1) pack array(B) allocate(malloc),"#pragma clang loop(i1,j1,k1,i2,j2) interchange permutation(j1,k1,i1,j2,i2)",4,100,16,-0.0011585,True,0,"GaussianProcessRegressor(kernel=RationalQuadratic(alpha=1, length_scale=1))",ei
 ,#pragma clang loop(i1) pack array(B) allocate(malloc), ,100,128,100,-0.001363,True,0,"GaussianProcessRegressor(kernel=RationalQuadratic(alpha=1, length_scale=1))",ei
 ,#pragma clang loop(i1) pack array(B) allocate(malloc), ,8,20,80,-0.001232,True,0,"GaussianProcessRegressor(kernel=RationalQuadratic(alpha=1, length_scale=1))",ei
#pragma clang loop(j2) pack array(A) allocate(malloc), ,"#pragma clang loop(i1,j1,k1,i2,j2) interchange permutation(j1,k1,i1,j2,i2)",128,4,128,-0.0006682412911516167,False,1,"GaussianProcessRegressor(kernel=RationalQuadratic(alpha=1, length_scale=1))",ei
#pragma clang loop(j2) pack array(A) allocate(malloc),#pragma clang loop(i1) pack array(B) allocate(malloc), ,20,80,4,-0.0016589169076689503,False,1,"GaussianProcessRegressor(kernel=RationalQuadratic(alpha=1, length_scale=1))",ei
#pragma clang loop(j2) pack array(A) allocate(malloc),#pragma clang loop(i1) pack array(B) allocate(malloc),"#pragma clang loop(i1,j1,k1,i2,j2) interchange permutation(j1,k1,i1,j2,i2)",50,32,64,-0.0013441482215057476,False,1,"GaussianProcessRegressor(kernel=RationalQuadratic(alpha=1, length_scale=1))",ei
#pragma clang loop(j2) pack array(A) allocate(malloc),#pragma clang loop(i1) pack array(B) allocate(malloc), ,4,2048,80,0.00021595170392174623,False,1,"GaussianProcessRegressor(kernel=RationalQuadratic(alpha=1, length_scale=1))",ei
#pragma clang loop(j2) pack array(A) allocate(malloc),#pragma clang loop(i1) pack array(B) allocate(malloc), ,96,50,80,-0.0014414999999999999,True,0,"GaussianProcessRegressor(kernel=RationalQuadratic(alpha=1, length_scale=1))",ei
 , , ,80,20,64,-0.0012255,True,0,"GaussianProcessRegressor(kernel=RationalQuadratic(alpha=1, length_scale=1))",ei
 , , ,50,16,256,-0.001202,True,0,"GaussianProcessRegressor(kernel=RationalQuadratic(alpha=1, length_scale=1))",ei
#pragma clang loop(j2) pack array(A) allocate(malloc),#pragma clang loop(i1) pack array(B) allocate(malloc), ,64,8,8,-0.0017465,True,0,"GaussianProcessRegressor(kernel=RationalQuadratic(alpha=1, length_scale=1))",ei
#pragma clang loop(j2) pack array(A) allocate(malloc), ,"#pragma clang loop(i1,j1,k1,i2,j2) interchange permutation(j1,k1,i1,j2,i2)",8,8,50,-0.0012814999999999999,True,0,"GaussianProcessRegressor(kernel=RationalQuadratic(alpha=1, length_scale=1))",ei
#pragma clang loop(j2) pack array(A) allocate(malloc),#pragma clang loop(i1) pack array(B) allocate(malloc), ,4,4,32,-0.0007019082148644884,False,1,"GaussianProcessRegressor(kernel=RationalQuadratic(alpha=1, length_scale=1))",ei
 ,#pragma clang loop(i1) pack array(B) allocate(malloc), ,16,2048,50,-0.0009419957453307148,False,1,"GaussianProcessRegressor(kernel=RationalQuadratic(alpha=1, length_scale=1))",ei
#pragma clang loop(j2) pack array(A) allocate(malloc),#pragma clang loop(i1) pack array(B) allocate(malloc),"#pragma clang loop(i1,j1,k1,i2,j2) interchange permutation(j1,k1,i1,j2,i2)",96,4,32,-0.0007562149120197148,False,1,"GaussianProcessRegressor(kernel=RationalQuadratic(alpha=1, length_scale=1))",ei
 ,#pragma clang loop(i1) pack array(B) allocate(malloc),"#pragma clang loop(i1,j1,k1,i2,j2) interchange permutation(j1,k1,i1,j2,i2)",96,2048,256,0.00013746716376772383,False,1,GaussianProcessRegressor(kernel=DotProduct(sigma_0=1) + WhiteKernel(noise_level=1)),ei
 , , ,96,128,8,-6.990541544382722e-05,False,1,"GaussianProcessRegressor(kernel=RationalQuadratic(alpha=1, length_scale=1))",ei
 ,#pragma clang loop(i1) pack array(B) allocate(malloc), ,128,80,256,5.161992459079556e-05,False,1,"GaussianProcessRegressor(kernel=RationalQuadratic(alpha=1, length_scale=1))",ei
 , ,"#pragma clang loop(i1,j1,k1,i2,j2) interchange permutation(j1,k1,i1,j2,i2)",4,100,256,-0.0011329514925364492,False,1,"GaussianProcessRegressor(kernel=RationalQuadratic(alpha=1, length_scale=1))",ei
 , ,"#pragma clang loop(i1,j1,k1,i2,j2) interchange permutation(j1,k1,i1,j2,i2)",100,4,100,-0.0012896208310735346,False,1,"GaussianProcessRegressor(kernel=RationalQuadratic(alpha=1, length_scale=1))",ei
#pragma clang loop(j2) pack array(A) allocate(malloc),#pragma clang loop(i1) pack array(B) allocate(malloc), ,50,100,80,-0.001369,True,0,"GaussianProcessRegressor(kernel=RationalQuadratic(alpha=1, length_scale=1))",ei
#pragma clang loop(j2) pack array(A) allocate(malloc), , ,128,128,128,-0.0020205,True,0,"GaussianProcessRegressor(kernel=RationalQuadratic(alpha=1, length_scale=1))",ei
#pragma clang loop(j2) pack array(A) allocate(malloc),#pragma clang loop(i1) pack array(B) allocate(malloc), ,4,80,64,-0.0013414999999999998,True,0,"GaussianProcessRegressor(kernel=RationalQuadratic(alpha=1, length_scale=1))",ei
#pragma clang loop(j2) pack array(A) allocate(malloc),#pragma clang loop(i1) pack array(B) allocate(malloc), ,4,2048,80,-0.001374,True,0,"GaussianProcessRegressor(kernel=RationalQuadratic(alpha=1, length_scale=1))",ei
#pragma clang loop(j2) pack array(A) allocate(malloc),#pragma clang loop(i1) pack array(B) allocate(malloc),"#pragma clang loop(i1,j1,k1,i2,j2) interchange permutation(j1,k1,i1,j2,i2)",100,2048,16,-0.0007855000000000001,True,0,"GaussianProcessRegressor(kernel=RationalQuadratic(alpha=1, length_scale=1))",ei
 , , ,96,2048,256,-3.487536089655296e-08,False,1,GaussianProcessRegressor(kernel=DotProduct(sigma_0=1) + WhiteKernel(noise_level=1)),ei
 ,#pragma clang loop(i1) pack array(B) allocate(malloc), ,80,64,4,0.00030348717589845364,False,1,"GaussianProcessRegressor(kernel=RationalQuadratic(alpha=1, length_scale=1))",ei
#pragma clang loop(j2) pack array(A) allocate(malloc), ,"#pragma clang loop(i1,j1,k1,i2,j2) interchange permutation(j1,k1,i1,j2,i2)",8,2048,80,-0.0010635428009209136,False,1,"GaussianProcessRegressor(kernel=RationalQuadratic(alpha=1, length_scale=1))",ei
 ,#pragma clang loop(i1) pack array(B) allocate(malloc), ,80,64,4,0.00030331605921318783,False,1,"GaussianProcessRegressor(kernel=RationalQuadratic(alpha=1, length_scale=1))",ei
#pragma clang loop(j2) pack array(A) allocate(malloc),#pragma clang loop(i1) pack array(B) allocate(malloc),"#pragma clang loop(i1,j1,k1,i2,j2) interchange permutation(j1,k1,i1,j2,i2)",96,100,50,-0.0007235000000000001,True,0,"GaussianProcessRegressor(kernel=RationalQuadratic(alpha=1, length_scale=1))",ei
 , , ,32,64,4,-0.0016985,True,0,"GaussianProcessRegressor(kernel=RationalQuadratic(alpha=1, length_scale=1))",ei
 ,#pragma clang loop(i1) pack array(B) allocate(malloc), ,100,80,4,-0.0016805,True,0,"GaussianProcessRegressor(kernel=RationalQuadratic(alpha=1, length_scale=1))",ei
 , ,"#pragma clang loop(i1,j1,k1,i2,j2) interchange permutation(j1,k1,i1,j2,i2)",128,128,80,-0.0012925,True,0,"GaussianProcessRegressor(kernel=RationalQuadratic(alpha=1, length_scale=1))",ei
 ,#pragma clang loop(i1) pack array(B) allocate(malloc),"#pragma clang loop(i1,j1,k1,i2,j2) interchange permutation(j1,k1,i1,j2,i2)",128,2048,256,-0.001187,True,0,"GaussianProcessRegressor(kernel=RationalQuadratic(alpha=1, length_scale=1))",ei
#pragma clang loop(j2) pack array(A) allocate(malloc),#pragma clang loop(i1) pack array(B) allocate(malloc),"#pragma clang loop(i1,j1,k1,i2,j2) interchange permutation(j1,k1,i1,j2,i2)",4,128,100,0.0001692318601271836,False,1,GaussianProcessRegressor(kernel=RBF(length_scale=1)),ei
#pragma clang loop(j2) pack array(A) allocate(malloc), , ,8,100,80,-0.001842,True,0,"GaussianProcessRegressor(kernel=RationalQuadratic(alpha=1, length_scale=1))",ei
 ,#pragma clang loop(i1) pack array(B) allocate(malloc), ,100,20,64,-0.0011584999999999998,True,0,"GaussianProcessRegressor(kernel=RationalQuadratic(alpha=1, length_scale=1))",ei
 ,#pragma clang loop(i1) pack array(B) allocate(malloc), ,64,50,256,-0.0012289999999999998,True,0,"GaussianProcessRegressor(kernel=RationalQuadratic(alpha=1, length_scale=1))",ei
 , , ,128,2048,8,-0.001215,True,0,"GaussianProcessRegressor(kernel=RationalQuadratic(alpha=1, length_scale=1))",ei
#pragma clang loop(j2) pack array(A) allocate(malloc), ,"#pragma clang loop(i1,j1,k1,i2,j2) interchange permutation(j1,k1,i1,j2,i2)",128,32,32,-0.001201,True,0,"GaussianProcessRegressor(kernel=RationalQuadratic(alpha=1, length_scale=1))",ei
 ,#pragma clang loop(i1) pack array(B) allocate(malloc), ,80,64,50,-0.0015438287320534982,False,1,"GaussianProcessRegressor(kernel=RationalQuadratic(alpha=1, length_scale=1))",ei
#pragma clang loop(j2) pack array(A) allocate(malloc), , ,96,128,128,-0.0019414326634787926,False,1,"GaussianProcessRegressor(kernel=RationalQuadratic(alpha=1, length_scale=1))",ei
#pragma clang loop(j2) pack array(A) allocate(malloc), , ,64,32,8,-0.0004433470033973208,False,1,"GaussianProcessRegressor(kernel=RationalQuadratic(alpha=1, length_scale=1))",ei
 , , ,128,128,16,-0.0013235,True,0,GaussianProcessRegressor(kernel=RBF(length_scale=1)),ei
 , ,"#pragma clang loop(i1,j1,k1,i2,j2) interchange permutation(j1,k1,i1,j2,i2)",128,128,256,-0.0015704999999999998,True,0,GaussianProcessRegressor(kernel=RBF(length_scale=1)),ei
 ,#pragma clang loop(i1) pack array(B) allocate(malloc),"#pragma clang loop(i1,j1,k1,i2,j2) interchange permutation(j1,k1,i1,j2,i2)",96,128,256,-0.0022475000000000004,True,0,GaussianProcessRegressor(kernel=RBF(length_scale=1)),ei
 , ,"#pragma clang loop(i1,j1,k1,i2,j2) interchange permutation(j1,k1,i1,j2,i2)",8,2048,128,-0.0012315,True,0,GaussianProcessRegressor(kernel=RBF(length_scale=1)),ei
 , ,"#pragma clang loop(i1,j1,k1,i2,j2) interchange permutation(j1,k1,i1,j2,i2)",20,2048,256,-0.0012779999999999998,True,0,GaussianProcessRegressor(kernel=RBF(length_scale=1)),ei
#pragma clang loop(j2) pack array(A) allocate(malloc), , ,4,32,50,-0.0018605,True,0,"GaussianProcessRegressor(kernel=RationalQuadratic(alpha=1, length_scale=1))",ei
#pragma clang loop(j2) pack array(A) allocate(malloc), , ,32,128,128,-0.002135,True,0,"GaussianProcessRegressor(kernel=RationalQuadratic(alpha=1, length_scale=1))",ei
 ,#pragma clang loop(i1) pack array(B) allocate(malloc), ,80,50,8,-0.0013484999999999999,True,0,"GaussianProcessRegressor(kernel=RationalQuadratic(alpha=1, length_scale=1))",ei
#pragma clang loop(j2) pack array(A) allocate(malloc), , ,64,128,4,-0.0028805,True,0,"GaussianProcessRegressor(kernel=RationalQuadratic(alpha=1, length_scale=1))",ei
#pragma clang loop(j2) pack array(A) allocate(malloc),#pragma clang loop(i1) pack array(B) allocate(malloc),"#pragma clang loop(i1,j1,k1,i2,j2) interchange permutation(j1,k1,i1,j2,i2)",4,2048,64,-0.0008349999999999999,True,0,"GaussianProcessRegressor(kernel=RationalQuadratic(alpha=1, length_scale=1))",ei
#pragma clang loop(j2) pack array(A) allocate(malloc),#pragma clang loop(i1) pack array(B) allocate(malloc),"#pragma clang loop(i1,j1,k1,i2,j2) interchange permutation(j1,k1,i1,j2,i2)",50,8,50,-0.0012882547453045845,False,1,"GaussianProcessRegressor(kernel=RationalQuadratic(alpha=1, length_scale=1))",ei
 ,#pragma clang loop(i1) pack array(B) allocate(malloc), ,64,80,4,0.0004553650817207674,False,1,"GaussianProcessRegressor(kernel=RationalQuadratic(alpha=1, length_scale=1))",ei
 , ,"#pragma clang loop(i1,j1,k1,i2,j2) interchange permutation(j1,k1,i1,j2,i2)",96,80,16,-0.0008748733004786402,False,1,"GaussianProcessRegressor(kernel=RationalQuadratic(alpha=1, length_scale=1))",ei
#pragma clang loop(j2) pack array(A) allocate(malloc), ,"#pragma clang loop(i1,j1,k1,i2,j2) interchange permutation(j1,k1,i1,j2,i2)",16,16,100,-0.0015182787522876606,False,1,"GaussianProcessRegressor(kernel=RationalQuadratic(alpha=1, length_scale=1))",ei
 , ,"#pragma clang loop(i1,j1,k1,i2,j2) interchange permutation(j1,k1,i1,j2,i2)",96,80,128,-0.0019877340195648685,False,1,"GaussianProcessRegressor(kernel=RationalQuadratic(alpha=1, length_scale=1))",ei
 , , ,80,2048,256,0.0033987322845639885,False,1,"GaussianProcessRegressor(kernel=RationalQuadratic(alpha=1, length_scale=1))",ei
#pragma clang loop(j2) pack array(A) allocate(malloc), ,"#pragma clang loop(i1,j1,k1,i2,j2) interchange permutation(j1,k1,i1,j2,i2)",4,32,100,-0.0019094804988526448,False,1,"GaussianProcessRegressor(kernel=RationalQuadratic(alpha=1, length_scale=1))",ei
 ,#pragma clang loop(i1) pack array(B) allocate(malloc),"#pragma clang loop(i1,j1,k1,i2,j2) interchange permutation(j1,k1,i1,j2,i2)",80,2048,256,-0.001263,True,0,"GaussianProcessRegressor(kernel=RationalQuadratic(alpha=1, length_scale=1))",ei
 ,#pragma clang loop(i1) pack array(B) allocate(malloc), ,128,64,80,-0.0012655,True,0,"GaussianProcessRegressor(kernel=RationalQuadratic(alpha=1, length_scale=1))",ei
#pragma clang loop(j2) pack array(A) allocate(malloc), , ,50,2048,20,-0.0018985,True,0,"GaussianProcessRegressor(kernel=RationalQuadratic(alpha=1, length_scale=1))",ei
 , , ,80,2048,256,-0.001185,True,0,"GaussianProcessRegressor(kernel=RationalQuadratic(alpha=1, length_scale=1))",ei
 , ,"#pragma clang loop(i1,j1,k1,i2,j2) interchange permutation(j1,k1,i1,j2,i2)",128,2048,32,-0.001197,True,0,"GaussianProcessRegressor(kernel=RationalQuadratic(alpha=1, length_scale=1))",ei
#pragma clang loop(j2) pack array(A) allocate(malloc),#pragma clang loop(i1) pack array(B) allocate(malloc),"#pragma clang loop(i1,j1,k1,i2,j2) interchange permutation(j1,k1,i1,j2,i2)",4,2048,80,0.0002671941222089913,False,1,"GaussianProcessRegressor(kernel=RationalQuadratic(alpha=1, length_scale=1))",ei
 ,#pragma clang loop(i1) pack array(B) allocate(malloc), ,32,2048,128,0.00012194997708547817,False,1,"GaussianProcessRegressor(kernel=RationalQuadratic(alpha=1, length_scale=1))",ei
 ,#pragma clang loop(i1) pack array(B) allocate(malloc),"#pragma clang loop(i1,j1,k1,i2,j2) interchange permutation(j1,k1,i1,j2,i2)",32,100,4,-0.0019395,True,0,"GaussianProcessRegressor(kernel=RationalQuadratic(alpha=1, length_scale=1))",ei
 ,#pragma clang loop(i1) pack array(B) allocate(malloc), ,80,4,50,-0.0015855,True,0,"GaussianProcessRegressor(kernel=RationalQuadratic(alpha=1, length_scale=1))",ei
#pragma clang loop(j2) pack array(A) allocate(malloc),#pragma clang loop(i1) pack array(B) allocate(malloc), ,96,4,256,-0.002431,True,0,"GaussianProcessRegressor(kernel=RationalQuadratic(alpha=1, length_scale=1))",ei
 ,#pragma clang loop(i1) pack array(B) allocate(malloc),"#pragma clang loop(i1,j1,k1,i2,j2) interchange permutation(j1,k1,i1,j2,i2)",64,128,20,-0.00117,True,0,"GaussianProcessRegressor(kernel=RationalQuadratic(alpha=1, length_scale=1))",ei
 , , ,20,100,16,-0.0011945,True,0,"GaussianProcessRegressor(kernel=RationalQuadratic(alpha=1, length_scale=1))",ei
#pragma clang loop(j2) pack array(A) allocate(malloc), ,"#pragma clang loop(i1,j1,k1,i2,j2) interchange permutation(j1,k1,i1,j2,i2)",128,20,64,-0.0006681192011228632,False,1,"GaussianProcessRegressor(kernel=RationalQuadratic(alpha=1, length_scale=1))",ei
#pragma clang loop(j2) pack array(A) allocate(malloc), ,"#pragma clang loop(i1,j1,k1,i2,j2) interchange permutation(j1,k1,i1,j2,i2)",128,4,128,-0.0006022236045417628,False,1,"GaussianProcessRegressor(kernel=Matern(length_scale=1, nu=1.5))",ei
 ,#pragma clang loop(i1) pack array(B) allocate(malloc), ,32,2048,50,-0.00105985525556207,False,1,"GaussianProcessRegressor(kernel=RationalQuadratic(alpha=1, length_scale=1))",ei
 , ,"#pragma clang loop(i1,j1,k1,i2,j2) interchange permutation(j1,k1,i1,j2,i2)",50,50,20,-0.0010173755214383934,False,1,"GaussianProcessRegressor(kernel=RationalQuadratic(alpha=1, length_scale=1))",ei
 , , ,100,2048,256,0.005039698875350496,False,1,GaussianProcessRegressor(kernel=RBF(length_scale=1)),ei
#pragma clang loop(j2) pack array(A) allocate(malloc),#pragma clang loop(i1) pack array(B) allocate(malloc),"#pragma clang loop(i1,j1,k1,i2,j2) interchange permutation(j1,k1,i1,j2,i2)",128,100,64,-0.0011095649283472397,False,1,"GaussianProcessRegressor(kernel=RationalQuadratic(alpha=1, length_scale=1))",ei
 ,#pragma clang loop(i1) pack array(B) allocate(malloc), ,20,64,80,-0.001301,True,0,"GaussianProcessRegressor(kernel=RationalQuadratic(alpha=1, length_scale=1))",ei
 , , ,100,2048,256,-0.0011289999999999998,True,0,"GaussianProcessRegressor(kernel=RationalQuadratic(alpha=1, length_scale=1))",ei
#pragma clang loop(j2) pack array(A) allocate(malloc), ,"#pragma clang loop(i1,j1,k1,i2,j2) interchange permutation(j1,k1,i1,j2,i2)",100,32,8,-0.001574,True,0,"GaussianProcessRegressor(kernel=RationalQuadratic(alpha=1, length_scale=1))",ei
 , , ,100,16,80,-0.0011090000000000002,True,0,"GaussianProcessRegressor(kernel=RationalQuadratic(alpha=1, length_scale=1))",ei
 , ,"#pragma clang loop(i1,j1,k1,i2,j2) interchange permutation(j1,k1,i1,j2,i2)",128,16,50,-0.0012905,True,0,"GaussianProcessRegressor(kernel=RationalQuadratic(alpha=1, length_scale=1))",ei
 ,#pragma clang loop(i1) pack array(B) allocate(malloc), ,128,20,100,-0.0012640107150900803,False,1,"GaussianProcessRegressor(kernel=RationalQuadratic(alpha=1, length_scale=1))",ei
 , , ,100,4,256,0.0010289125844191727,False,1,"GaussianProcessRegressor(kernel=RationalQuadratic(alpha=1, length_scale=1))",ei
 ,#pragma clang loop(i1) pack array(B) allocate(malloc),"#pragma clang loop(i1,j1,k1,i2,j2) interchange permutation(j1,k1,i1,j2,i2)",4,128,100,-8.416175842285156e-05,False,1,"GaussianProcessRegressor(kernel=RationalQuadratic(alpha=1, length_scale=1))",ei
 , ,"#pragma clang loop(i1,j1,k1,i2,j2) interchange permutation(j1,k1,i1,j2,i2)",8,4,20,-0.0010336838925361462,False,1,"GaussianProcessRegressor(kernel=RationalQuadratic(alpha=1, length_scale=1))",ei
#pragma clang loop(j2) pack array(A) allocate(malloc), , ,8,16,20,-0.0022830000000000003,True,0,"GaussianProcessRegressor(kernel=RationalQuadratic(alpha=1, length_scale=1))",ei
#pragma clang loop(j2) pack array(A) allocate(malloc), , ,50,8,4,-0.002665,True,0,"GaussianProcessRegressor(kernel=RationalQuadratic(alpha=1, length_scale=1))",ei
#pragma clang loop(j2) pack array(A) allocate(malloc),#pragma clang loop(i1) pack array(B) allocate(malloc), ,20,2048,80,-0.0013675,True,0,"GaussianProcessRegressor(kernel=RationalQuadratic(alpha=1, length_scale=1))",ei
#pragma clang loop(j2) pack array(A) allocate(malloc),#pragma clang loop(i1) pack array(B) allocate(malloc),"#pragma clang loop(i1,j1,k1,i2,j2) interchange permutation(j1,k1,i1,j2,i2)",50,80,16,-0.000661,True,0,"GaussianProcessRegressor(kernel=RationalQuadratic(alpha=1, length_scale=1))",ei
 ,#pragma clang loop(i1) pack array(B) allocate(malloc), ,96,50,32,-0.0012275,True,0,"GaussianProcessRegressor(kernel=RationalQuadratic(alpha=1, length_scale=1))",ei
#pragma clang loop(j2) pack array(A) allocate(malloc), ,"#pragma clang loop(i1,j1,k1,i2,j2) interchange permutation(j1,k1,i1,j2,i2)",16,128,32,-0.0014000039900707861,False,1,"GaussianProcessRegressor(kernel=RationalQuadratic(alpha=1, length_scale=1))",ei
 , , ,50,64,20,-0.0009407937190246685,False,1,"GaussianProcessRegressor(kernel=RationalQuadratic(alpha=1, length_scale=1))",ei
 , ,"#pragma clang loop(i1,j1,k1,i2,j2) interchange permutation(j1,k1,i1,j2,i2)",64,32,256,-0.001276,True,0,"GaussianProcessRegressor(kernel=RationalQuadratic(alpha=1, length_scale=1))",ei
#pragma clang loop(j2) pack array(A) allocate(malloc),#pragma clang loop(i1) pack array(B) allocate(malloc),"#pragma clang loop(i1,j1,k1,i2,j2) interchange permutation(j1,k1,i1,j2,i2)",8,2048,128,-0.0007070000000000001,True,0,"GaussianProcessRegressor(kernel=RationalQuadratic(alpha=1, length_scale=1))",ei
#pragma clang loop(j2) pack array(A) allocate(malloc),#pragma clang loop(i1) pack array(B) allocate(malloc),"#pragma clang loop(i1,j1,k1,i2,j2) interchange permutation(j1,k1,i1,j2,i2)",96,80,4,-0.001898,True,0,"GaussianProcessRegressor(kernel=RationalQuadratic(alpha=1, length_scale=1))",ei
 , , ,80,128,4,-0.001685,True,0,"GaussianProcessRegressor(kernel=RationalQuadratic(alpha=1, length_scale=1))",ei
#pragma clang loop(j2) pack array(A) allocate(malloc),#pragma clang loop(i1) pack array(B) allocate(malloc),"#pragma clang loop(i1,j1,k1,i2,j2) interchange permutation(j1,k1,i1,j2,i2)",96,50,16,-0.00067,True,0,"GaussianProcessRegressor(kernel=RationalQuadratic(alpha=1, length_scale=1))",ei
#pragma clang loop(j2) pack array(A) allocate(malloc), ,"#pragma clang loop(i1,j1,k1,i2,j2) interchange permutation(j1,k1,i1,j2,i2)",50,64,128,-0.0010953985812705014,False,1,"GaussianProcessRegressor(kernel=RationalQuadratic(alpha=1, length_scale=1))",ei
#pragma clang loop(j2) pack array(A) allocate(malloc),#pragma clang loop(i1) pack array(B) allocate(malloc), ,96,4,100,0.0011296730267519317,False,1,"GaussianProcessRegressor(kernel=RationalQuadratic(alpha=1, length_scale=1))",ei
 , , ,128,2048,256,-0.001165,True,0,"GaussianProcessRegressor(kernel=RationalQuadratic(alpha=1, length_scale=1))",ei
 , , ,96,100,50,-0.001182,True,0,"GaussianProcessRegressor(kernel=RationalQuadratic(alpha=1, length_scale=1))",ei
#pragma clang loop(j2) pack array(A) allocate(malloc),#pragma clang loop(i1) pack array(B) allocate(malloc), ,64,128,100,-0.001314,True,0,"GaussianProcessRegressor(kernel=RationalQuadratic(alpha=1, length_scale=1))",ei
 ,#pragma clang loop(i1) pack array(B) allocate(malloc),"#pragma clang loop(i1,j1,k1,i2,j2) interchange permutation(j1,k1,i1,j2,i2)",100,100,20,-0.0012345000000000001,True,0,"GaussianProcessRegressor(kernel=RationalQuadratic(alpha=1, length_scale=1))",ei
 , , ,100,2048,4,-0.0016385000000000002,True,0,"GaussianProcessRegressor(kernel=RationalQuadratic(alpha=1, length_scale=1))",ei
#pragma clang loop(j2) pack array(A) allocate(malloc), , ,20,128,4,-0.00193814037629636,False,1,"GaussianProcessRegressor(kernel=RationalQuadratic(alpha=1, length_scale=1))",ei
#pragma clang loop(j2) pack array(A) allocate(malloc), ,"#pragma clang loop(i1,j1,k1,i2,j2) interchange permutation(j1,k1,i1,j2,i2)",16,100,8,-0.0014814437506628364,False,1,"GaussianProcessRegressor(kernel=RationalQuadratic(alpha=1, length_scale=1))",ei
#pragma clang loop(j2) pack array(A) allocate(malloc), , ,64,8,128,-0.0012663326125708085,False,1,"GaussianProcessRegressor(kernel=RationalQuadratic(alpha=1, length_scale=1))",ei
#pragma clang loop(j2) pack array(A) allocate(malloc),#pragma clang loop(i1) pack array(B) allocate(malloc), ,16,16,16,-1.7612139935525566e-05,False,1,GaussianProcessRegressor(kernel=RBF(length_scale=1)),ei
 , , ,80,8,100,-0.0011122122086817399,False,1,"GaussianProcessRegressor(kernel=Matern(length_scale=1, nu=1.5))",ei
#pragma clang loop(j2) pack array(A) allocate(malloc),#pragma clang loop(i1) pack array(B) allocate(malloc),"#pragma clang loop(i1,j1,k1,i2,j2) interchange permutation(j1,k1,i1,j2,i2)",96,4,80,-0.000602,True,0,"GaussianProcessRegressor(kernel=RationalQuadratic(alpha=1, length_scale=1))",ei
 , ,"#pragma clang loop(i1,j1,k1,i2,j2) interchange permutation(j1,k1,i1,j2,i2)",80,64,64,-0.001358,True,0,"GaussianProcessRegressor(kernel=RationalQuadratic(alpha=1, length_scale=1))",ei
#pragma clang loop(j2) pack array(A) allocate(malloc), , ,128,2048,20,-0.0020375,True,0,"GaussianProcessRegressor(kernel=RationalQuadratic(alpha=1, length_scale=1))",ei
 , , ,100,2048,256,-0.0011289999999999998,True,0,"GaussianProcessRegressor(kernel=RationalQuadratic(alpha=1, length_scale=1))",ei
 ,#pragma clang loop(i1) pack array(B) allocate(malloc), ,8,16,16,-0.0012485,True,0,"GaussianProcessRegressor(kernel=RationalQuadratic(alpha=1, length_scale=1))",ei
 , , ,80,4,256,0.0010908864630323478,False,1,"GaussianProcessRegressor(kernel=RationalQuadratic(alpha=1, length_scale=1))",ei
 , ,"#pragma clang loop(i1,j1,k1,i2,j2) interchange permutation(j1,k1,i1,j2,i2)",128,128,128,-0.0017943199344117033,False,1,GaussianProcessRegressor(kernel=DotProduct(sigma_0=1) + WhiteKernel(noise_level=1)),ei
#pragma clang loop(j2) pack array(A) allocate(malloc), ,"#pragma clang loop(i1,j1,k1,i2,j2) interchange permutation(j1,k1,i1,j2,i2)",50,16,100,-0.0015718787908554077,False,1,"GaussianProcessRegressor(kernel=RationalQuadratic(alpha=1, length_scale=1))",ei
 , , ,100,4,256,-0.001261,True,0,"GaussianProcessRegressor(kernel=RationalQuadratic(alpha=1, length_scale=1))",ei
 ,#pragma clang loop(i1) pack array(B) allocate(malloc), ,32,20,256,-0.001232,True,0,"GaussianProcessRegressor(kernel=RationalQuadratic(alpha=1, length_scale=1))",ei
 , , ,80,2048,256,-0.001185,True,0,"GaussianProcessRegressor(kernel=RationalQuadratic(alpha=1, length_scale=1))",ei
 , ,"#pragma clang loop(i1,j1,k1,i2,j2) interchange permutation(j1,k1,i1,j2,i2)",8,128,4,-0.0018285,True,0,"GaussianProcessRegressor(kernel=RationalQuadratic(alpha=1, length_scale=1))",ei
#pragma clang loop(j2) pack array(A) allocate(malloc), , ,8,16,4,-0.0026885000000000004,True,0,"GaussianProcessRegressor(kernel=RationalQuadratic(alpha=1, length_scale=1))",ei
#pragma clang loop(j2) pack array(A) allocate(malloc), ,"#pragma clang loop(i1,j1,k1,i2,j2) interchange permutation(j1,k1,i1,j2,i2)",80,100,16,-0.0018412117048001164,False,1,"GaussianProcessRegressor(kernel=RationalQuadratic(alpha=1, length_scale=1))",ei
 ,#pragma clang loop(i1) pack array(B) allocate(malloc),"#pragma clang loop(i1,j1,k1,i2,j2) interchange permutation(j1,k1,i1,j2,i2)",50,4,16,-0.0007563257695947234,False,1,"GaussianProcessRegressor(kernel=RationalQuadratic(alpha=1, length_scale=1))",ei
 , , ,80,4,256,0.001089809437050615,False,1,"GaussianProcessRegressor(kernel=RationalQuadratic(alpha=1, length_scale=1))",ei
 , , ,96,2048,256,-8.679237739171681e-05,False,1,GaussianProcessRegressor(kernel=DotProduct(sigma_0=1) + WhiteKernel(noise_level=1)),ei
#pragma clang loop(j2) pack array(A) allocate(malloc), ,"#pragma clang loop(i1,j1,k1,i2,j2) interchange permutation(j1,k1,i1,j2,i2)",96,8,128,0.0007620061514899135,False,1,GaussianProcessRegressor(kernel=RBF(length_scale=1)),ei
 ,#pragma clang loop(i1) pack array(B) allocate(malloc), ,32,20,256,-0.001232,True,0,"GaussianProcessRegressor(kernel=RationalQuadratic(alpha=1, length_scale=1))",ei
 , ,"#pragma clang loop(i1,j1,k1,i2,j2) interchange permutation(j1,k1,i1,j2,i2)",80,100,32,-0.0010789999999999999,True,0,"GaussianProcessRegressor(kernel=RationalQuadratic(alpha=1, length_scale=1))",ei
#pragma clang loop(j2) pack array(A) allocate(malloc),#pragma clang loop(i1) pack array(B) allocate(malloc), ,128,64,16,-0.0017355,True,0,"GaussianProcessRegressor(kernel=RationalQuadratic(alpha=1, length_scale=1))",ei
#pragma clang loop(j2) pack array(A) allocate(malloc), ,"#pragma clang loop(i1,j1,k1,i2,j2) interchange permutation(j1,k1,i1,j2,i2)",64,50,8,-0.001433,True,0,"GaussianProcessRegressor(kernel=RationalQuadratic(alpha=1, length_scale=1))",ei
 ,#pragma clang loop(i1) pack array(B) allocate(malloc),"#pragma clang loop(i1,j1,k1,i2,j2) interchange permutation(j1,k1,i1,j2,i2)",80,8,50,-0.0013824999999999998,True,0,"GaussianProcessRegressor(kernel=RationalQuadratic(alpha=1, length_scale=1))",ei
#pragma clang loop(j2) pack array(A) allocate(malloc),#pragma clang loop(i1) pack array(B) allocate(malloc), ,50,32,256,-0.0023990284804753514,False,1,"GaussianProcessRegressor(kernel=RationalQuadratic(alpha=1, length_scale=1))",ei
 , , ,80,8,100,-0.0011122476405165393,False,1,"GaussianProcessRegressor(kernel=RationalQuadratic(alpha=1, length_scale=1))",ei
 ,#pragma clang loop(i1) pack array(B) allocate(malloc), ,128,16,16,-3.750293465831206e-05,False,1,GaussianProcessRegressor(kernel=RBF(length_scale=1)),ei
#pragma clang loop(j2) pack array(A) allocate(malloc), ,"#pragma clang loop(i1,j1,k1,i2,j2) interchange permutation(j1,k1,i1,j2,i2)",4,4,8,-0.0017856642758431462,False,1,"GaussianProcessRegressor(kernel=RationalQuadratic(alpha=1, length_scale=1))",ei
#pragma clang loop(j2) pack array(A) allocate(malloc),#pragma clang loop(i1) pack array(B) allocate(malloc),"#pragma clang loop(i1,j1,k1,i2,j2) interchange permutation(j1,k1,i1,j2,i2)",96,8,128,-0.0005005,True,0,"GaussianProcessRegressor(kernel=RationalQuadratic(alpha=1, length_scale=1))",ei
#pragma clang loop(j2) pack array(A) allocate(malloc),#pragma clang loop(i1) pack array(B) allocate(malloc), ,96,4,100,-0.0015105,True,0,"GaussianProcessRegressor(kernel=RationalQuadratic(alpha=1, length_scale=1))",ei
#pragma clang loop(j2) pack array(A) allocate(malloc),#pragma clang loop(i1) pack array(B) allocate(malloc),"#pragma clang loop(i1,j1,k1,i2,j2) interchange permutation(j1,k1,i1,j2,i2)",20,32,128,-0.0005985000000000001,True,0,"GaussianProcessRegressor(kernel=RationalQuadratic(alpha=1, length_scale=1))",ei
#pragma clang loop(j2) pack array(A) allocate(malloc),#pragma clang loop(i1) pack array(B) allocate(malloc), ,20,100,128,-0.001321,True,0,"GaussianProcessRegressor(kernel=RationalQuadratic(alpha=1, length_scale=1))",ei
 , , ,4,50,8,-0.0013315,True,0,"GaussianProcessRegressor(kernel=RationalQuadratic(alpha=1, length_scale=1))",ei
 , , ,50,64,20,-0.0009407667218468418,False,1,"GaussianProcessRegressor(kernel=RationalQuadratic(alpha=1, length_scale=1))",ei
#pragma clang loop(j2) pack array(A) allocate(malloc), ,"#pragma clang loop(i1,j1,k1,i2,j2) interchange permutation(j1,k1,i1,j2,i2)",20,80,100,-0.0013346052077309878,False,1,"GaussianProcessRegressor(kernel=RationalQuadratic(alpha=1, length_scale=1))",ei
 , , ,32,2048,20,-0.0012913422839108957,False,1,"GaussianProcessRegressor(kernel=RationalQuadratic(alpha=1, length_scale=1))",ei
#pragma clang loop(j2) pack array(A) allocate(malloc), ,"#pragma clang loop(i1,j1,k1,i2,j2) interchange permutation(j1,k1,i1,j2,i2)",16,80,8,-0.0014475747801756464,False,1,"GaussianProcessRegressor(kernel=RationalQuadratic(alpha=1, length_scale=1))",ei
 ,#pragma clang loop(i1) pack array(B) allocate(malloc), ,96,2048,4,-0.0001554166306589563,False,1,GaussianProcessRegressor(kernel=DotProduct(sigma_0=1) + WhiteKernel(noise_level=1)),ei
#pragma clang loop(j2) pack array(A) allocate(malloc),#pragma clang loop(i1) pack array(B) allocate(malloc), ,20,16,50,-0.0006989544699186334,False,1,"GaussianProcessRegressor(kernel=RationalQuadratic(alpha=1, length_scale=1))",ei
#pragma clang loop(j2) pack array(A) allocate(malloc),#pragma clang loop(i1) pack array(B) allocate(malloc), ,50,50,32,-0.001308,True,0,"GaussianProcessRegressor(kernel=RationalQuadratic(alpha=1, length_scale=1))",ei
#pragma clang loop(j2) pack array(A) allocate(malloc),#pragma clang loop(i1) pack array(B) allocate(malloc), ,4,4,50,-0.0011885,True,0,"GaussianProcessRegressor(kernel=RationalQuadratic(alpha=1, length_scale=1))",ei
#pragma clang loop(j2) pack array(A) allocate(malloc),#pragma clang loop(i1) pack array(B) allocate(malloc),"#pragma clang loop(i1,j1,k1,i2,j2) interchange permutation(j1,k1,i1,j2,i2)",4,100,80,-0.0007185,True,0,"GaussianProcessRegressor(kernel=RationalQuadratic(alpha=1, length_scale=1))",ei
#pragma clang loop(j2) pack array(A) allocate(malloc),#pragma clang loop(i1) pack array(B) allocate(malloc), ,64,64,100,-0.0012885,True,0,"GaussianProcessRegressor(kernel=RationalQuadratic(alpha=1, length_scale=1))",ei
 ,#pragma clang loop(i1) pack array(B) allocate(malloc), ,64,8,8,-0.001377,True,0,"GaussianProcessRegressor(kernel=RationalQuadratic(alpha=1, length_scale=1))",ei
 , ,"#pragma clang loop(i1,j1,k1,i2,j2) interchange permutation(j1,k1,i1,j2,i2)",128,128,80,-0.0012925248464057404,False,1,"GaussianProcessRegressor(kernel=RationalQuadratic(alpha=1, length_scale=1))",ei
#pragma clang loop(j2) pack array(A) allocate(malloc), ,"#pragma clang loop(i1,j1,k1,i2,j2) interchange permutation(j1,k1,i1,j2,i2)",100,50,80,-0.0011078951739662557,False,1,"GaussianProcessRegressor(kernel=RationalQuadratic(alpha=1, length_scale=1))",ei
 ,#pragma clang loop(i1) pack array(B) allocate(malloc), ,64,50,100,-0.0010425524436602773,False,1,"GaussianProcessRegressor(kernel=RationalQuadratic(alpha=1, length_scale=1))",ei
 ,#pragma clang loop(i1) pack array(B) allocate(malloc), ,128,128,32,-0.0013488844547235868,False,1,"GaussianProcessRegressor(kernel=RationalQuadratic(alpha=1, length_scale=1))",ei
 ,#pragma clang loop(i1) pack array(B) allocate(malloc), ,64,4,20,-0.001175091791399907,False,1,"GaussianProcessRegressor(kernel=RationalQuadratic(alpha=1, length_scale=1))",ei
#pragma clang loop(j2) pack array(A) allocate(malloc), ,"#pragma clang loop(i1,j1,k1,i2,j2) interchange permutation(j1,k1,i1,j2,i2)",4,16,32,-0.0017491995132095928,False,1,"GaussianProcessRegressor(kernel=RationalQuadratic(alpha=1, length_scale=1))",ei
#pragma clang loop(j2) pack array(A) allocate(malloc),#pragma clang loop(i1) pack array(B) allocate(malloc),"#pragma clang loop(i1,j1,k1,i2,j2) interchange permutation(j1,k1,i1,j2,i2)",4,2048,128,-0.0008600000000000001,True,0,"GaussianProcessRegressor(kernel=RationalQuadratic(alpha=1, length_scale=1))",ei
 , ,"#pragma clang loop(i1,j1,k1,i2,j2) interchange permutation(j1,k1,i1,j2,i2)",20,20,64,-0.0011619999999999998,True,0,"GaussianProcessRegressor(kernel=RationalQuadratic(alpha=1, length_scale=1))",ei
 ,#pragma clang loop(i1) pack array(B) allocate(malloc),"#pragma clang loop(i1,j1,k1,i2,j2) interchange permutation(j1,k1,i1,j2,i2)",20,8,256,-0.0012690000000000002,True,0,"GaussianProcessRegressor(kernel=RationalQuadratic(alpha=1, length_scale=1))",ei
 ,#pragma clang loop(i1) pack array(B) allocate(malloc),"#pragma clang loop(i1,j1,k1,i2,j2) interchange permutation(j1,k1,i1,j2,i2)",80,50,4,-0.0018175,True,0,"GaussianProcessRegressor(kernel=RationalQuadratic(alpha=1, length_scale=1))",ei
 , ,"#pragma clang loop(i1,j1,k1,i2,j2) interchange permutation(j1,k1,i1,j2,i2)",32,32,128,-0.0012525,True,0,"GaussianProcessRegressor(kernel=RationalQuadratic(alpha=1, length_scale=1))",ei
#pragma clang loop(j2) pack array(A) allocate(malloc), ,"#pragma clang loop(i1,j1,k1,i2,j2) interchange permutation(j1,k1,i1,j2,i2)",96,128,128,-0.0006796717643737793,False,1,"GaussianProcessRegressor(kernel=RationalQuadratic(alpha=1, length_scale=1))",ei
#pragma clang loop(j2) pack array(A) allocate(malloc), ,"#pragma clang loop(i1,j1,k1,i2,j2) interchange permutation(j1,k1,i1,j2,i2)",100,16,20,-0.0002308311715818745,False,1,"GaussianProcessRegressor(kernel=RationalQuadratic(alpha=1, length_scale=1))",ei
 ,#pragma clang loop(i1) pack array(B) allocate(malloc),"#pragma clang loop(i1,j1,k1,i2,j2) interchange permutation(j1,k1,i1,j2,i2)",8,50,256,-7.629863434671889e-05,False,1,GaussianProcessRegressor(kernel=RBF(length_scale=1)),ei
 , ,"#pragma clang loop(i1,j1,k1,i2,j2) interchange permutation(j1,k1,i1,j2,i2)",8,20,256,-0.0012175,True,0,"GaussianProcessRegressor(kernel=RationalQuadratic(alpha=1, length_scale=1))",ei
#pragma clang loop(j2) pack array(A) allocate(malloc),#pragma clang loop(i1) pack array(B) allocate(malloc),"#pragma clang loop(i1,j1,k1,i2,j2) interchange permutation(j1,k1,i1,j2,i2)",4,32,8,-0.0017545000000000002,True,0,"GaussianProcessRegressor(kernel=RationalQuadratic(alpha=1, length_scale=1))",ei
#pragma clang loop(j2) pack array(A) allocate(malloc), , ,20,8,32,-0.0021379999999999997,True,0,"GaussianProcessRegressor(kernel=RationalQuadratic(alpha=1, length_scale=1))",ei
#pragma clang loop(j2) pack array(A) allocate(malloc),#pragma clang loop(i1) pack array(B) allocate(malloc), ,20,4,64,-0.0013575,True,0,"GaussianProcessRegressor(kernel=RationalQuadratic(alpha=1, length_scale=1))",ei
 ,#pragma clang loop(i1) pack array(B) allocate(malloc),"#pragma clang loop(i1,j1,k1,i2,j2) interchange permutation(j1,k1,i1,j2,i2)",20,32,32,-0.0011994999999999998,True,0,"GaussianProcessRegressor(kernel=RationalQuadratic(alpha=1, length_scale=1))",ei
 , ,"#pragma clang loop(i1,j1,k1,i2,j2) interchange permutation(j1,k1,i1,j2,i2)",50,20,64,-0.0014238754125699415,False,1,"GaussianProcessRegressor(kernel=RationalQuadratic(alpha=1, length_scale=1))",ei
 ,#pragma clang loop(i1) pack array(B) allocate(malloc),"#pragma clang loop(i1,j1,k1,i2,j2) interchange permutation(j1,k1,i1,j2,i2)",20,16,16,-7.085547194973785e-05,False,1,"GaussianProcessRegressor(kernel=RationalQuadratic(alpha=1, length_scale=1))",ei
 ,#pragma clang loop(i1) pack array(B) allocate(malloc), ,8,100,32,-0.0011417447379854506,False,1,"GaussianProcessRegressor(kernel=RationalQuadratic(alpha=1, length_scale=1))",ei
 ,#pragma clang loop(i1) pack array(B) allocate(malloc), ,20,2048,16,-0.0002598067402622764,False,1,"GaussianProcessRegressor(kernel=RationalQuadratic(alpha=1, length_scale=1))",ei
#pragma clang loop(j2) pack array(A) allocate(malloc),#pragma clang loop(i1) pack array(B) allocate(malloc),"#pragma clang loop(i1,j1,k1,i2,j2) interchange permutation(j1,k1,i1,j2,i2)",96,2048,128,-0.0006231816660751122,False,1,"GaussianProcessRegressor(kernel=Matern(length_scale=1, nu=1.5))",ei
#pragma clang loop(j2) pack array(A) allocate(malloc),#pragma clang loop(i1) pack array(B) allocate(malloc), ,16,32,256,-0.001718,True,0,"GaussianProcessRegressor(kernel=RationalQuadratic(alpha=1, length_scale=1))",ei
 , , ,100,2048,50,-0.001179,True,0,"GaussianProcessRegressor(kernel=RationalQuadratic(alpha=1, length_scale=1))",ei
 , , ,4,8,16,-0.0012805,True,0,"GaussianProcessRegressor(kernel=RationalQuadratic(alpha=1, length_scale=1))",ei
#pragma clang loop(j2) pack array(A) allocate(malloc), , ,96,16,100,-0.0021965,True,0,"GaussianProcessRegressor(kernel=RationalQuadratic(alpha=1, length_scale=1))",ei
 , , ,20,8,100,-0.001195,True,0,"GaussianProcessRegressor(kernel=RationalQuadratic(alpha=1, length_scale=1))",ei
 , , ,4,50,8,-0.0013315011286749723,False,1,"GaussianProcessRegressor(kernel=RationalQuadratic(alpha=1, length_scale=1))",ei
 , ,"#pragma clang loop(i1,j1,k1,i2,j2) interchange permutation(j1,k1,i1,j2,i2)",96,50,16,-0.0010992427326570464,False,1,"GaussianProcessRegressor(kernel=RationalQuadratic(alpha=1, length_scale=1))",ei
#pragma clang loop(j2) pack array(A) allocate(malloc),#pragma clang loop(i1) pack array(B) allocate(malloc), ,20,64,50,-0.0013192642970407675,False,1,"GaussianProcessRegressor(kernel=RationalQuadratic(alpha=1, length_scale=1))",ei
 , ,"#pragma clang loop(i1,j1,k1,i2,j2) interchange permutation(j1,k1,i1,j2,i2)",100,32,8,-0.001338,True,0,"GaussianProcessRegressor(kernel=RationalQuadratic(alpha=1, length_scale=1))",ei
 ,#pragma clang loop(i1) pack array(B) allocate(malloc),"#pragma clang loop(i1,j1,k1,i2,j2) interchange permutation(j1,k1,i1,j2,i2)",96,50,128,-0.001175,True,0,"GaussianProcessRegressor(kernel=RationalQuadratic(alpha=1, length_scale=1))",ei
#pragma clang loop(j2) pack array(A) allocate(malloc),#pragma clang loop(i1) pack array(B) allocate(malloc),"#pragma clang loop(i1,j1,k1,i2,j2) interchange permutation(j1,k1,i1,j2,i2)",32,4,32,-0.000699,True,0,"GaussianProcessRegressor(kernel=RationalQuadratic(alpha=1, length_scale=1))",ei
 ,#pragma clang loop(i1) pack array(B) allocate(malloc), ,16,2048,32,-0.0014455000000000002,True,0,"GaussianProcessRegressor(kernel=RationalQuadratic(alpha=1, length_scale=1))",ei
 , , ,96,50,16,-0.0012365000000000002,True,0,"GaussianProcessRegressor(kernel=RationalQuadratic(alpha=1, length_scale=1))",ei
 ,#pragma clang loop(i1) pack array(B) allocate(malloc),"#pragma clang loop(i1,j1,k1,i2,j2) interchange permutation(j1,k1,i1,j2,i2)",20,128,64,-0.0001211773814341392,False,1,GaussianProcessRegressor(kernel=RBF(length_scale=1)),ei
 ,#pragma clang loop(i1) pack array(B) allocate(malloc),"#pragma clang loop(i1,j1,k1,i2,j2) interchange permutation(j1,k1,i1,j2,i2)",4,128,128,-0.0005497388211264109,False,1,"GaussianProcessRegressor(kernel=RationalQuadratic(alpha=1, length_scale=1))",ei
 ,#pragma clang loop(i1) pack array(B) allocate(malloc), ,128,2048,20,0.0035720648449029113,False,1,"GaussianProcessRegressor(kernel=RationalQuadratic(alpha=1, length_scale=1))",ei
 , , ,20,128,16,-0.0012802609953723731,False,1,"GaussianProcessRegressor(kernel=RationalQuadratic(alpha=1, length_scale=1))",ei
 , , ,96,128,32,-0.0010008360574242925,False,1,"GaussianProcessRegressor(kernel=RationalQuadratic(alpha=1, length_scale=1))",ei
 ,#pragma clang loop(i1) pack array(B) allocate(malloc),"#pragma clang loop(i1,j1,k1,i2,j2) interchange permutation(j1,k1,i1,j2,i2)",128,128,16,-0.001343,True,0,"GaussianProcessRegressor(kernel=RationalQuadratic(alpha=1, length_scale=1))",ei
#pragma clang loop(j2) pack array(A) allocate(malloc), ,"#pragma clang loop(i1,j1,k1,i2,j2) interchange permutation(j1,k1,i1,j2,i2)",64,80,100,-0.0015155,True,0,"GaussianProcessRegressor(kernel=RationalQuadratic(alpha=1, length_scale=1))",ei
#pragma clang loop(j2) pack array(A) allocate(malloc),#pragma clang loop(i1) pack array(B) allocate(malloc),"#pragma clang loop(i1,j1,k1,i2,j2) interchange permutation(j1,k1,i1,j2,i2)",20,32,16,-0.0009785,True,0,"GaussianProcessRegressor(kernel=RationalQuadratic(alpha=1, length_scale=1))",ei
#pragma clang loop(j2) pack array(A) allocate(malloc),#pragma clang loop(i1) pack array(B) allocate(malloc), ,8,128,100,-0.001651,True,0,"GaussianProcessRegressor(kernel=RationalQuadratic(alpha=1, length_scale=1))",ei
#pragma clang loop(j2) pack array(A) allocate(malloc),#pragma clang loop(i1) pack array(B) allocate(malloc),"#pragma clang loop(i1,j1,k1,i2,j2) interchange permutation(j1,k1,i1,j2,i2)",64,4,80,-0.0006105,True,0,"GaussianProcessRegressor(kernel=RationalQuadratic(alpha=1, length_scale=1))",ei
#pragma clang loop(j2) pack array(A) allocate(malloc), ,"#pragma clang loop(i1,j1,k1,i2,j2) interchange permutation(j1,k1,i1,j2,i2)",64,16,8,-0.0009647292196177659,False,1,"GaussianProcessRegressor(kernel=RationalQuadratic(alpha=1, length_scale=1))",ei
 , , ,80,128,80,-0.001650539226035086,False,1,"GaussianProcessRegressor(kernel=RationalQuadratic(alpha=1, length_scale=1))",ei
 ,#pragma clang loop(i1) pack array(B) allocate(malloc),"#pragma clang loop(i1,j1,k1,i2,j2) interchange permutation(j1,k1,i1,j2,i2)",16,16,128,-0.0008580883111335424,False,1,GaussianProcessRegressor(kernel=DotProduct(sigma_0=1) + WhiteKernel(noise_level=1)),ei
#pragma clang loop(j2) pack array(A) allocate(malloc),#pragma clang loop(i1) pack array(B) allocate(malloc),"#pragma clang loop(i1,j1,k1,i2,j2) interchange permutation(j1,k1,i1,j2,i2)",8,8,128,-0.0009394083171793133,False,1,"GaussianProcessRegressor(kernel=RationalQuadratic(alpha=1, length_scale=1))",ei
#pragma clang loop(j2) pack array(A) allocate(malloc), , ,4,128,64,-0.0020280000000000003,True,0,"GaussianProcessRegressor(kernel=RationalQuadratic(alpha=1, length_scale=1))",ei
 , , ,8,64,128,-0.001506,True,0,"GaussianProcessRegressor(kernel=RationalQuadratic(alpha=1, length_scale=1))",ei
 ,#pragma clang loop(i1) pack array(B) allocate(malloc), ,128,2048,20,-0.0014065,True,0,"GaussianProcessRegressor(kernel=RationalQuadratic(alpha=1, length_scale=1))",ei
 ,#pragma clang loop(i1) pack array(B) allocate(malloc), ,16,80,100,-0.0015114999999999998,True,0,"GaussianProcessRegressor(kernel=RationalQuadratic(alpha=1, length_scale=1))",ei
 , ,"#pragma clang loop(i1,j1,k1,i2,j2) interchange permutation(j1,k1,i1,j2,i2)",20,64,64,-0.0011359999999999999,True,0,"GaussianProcessRegressor(kernel=RationalQuadratic(alpha=1, length_scale=1))",ei
#pragma clang loop(j2) pack array(A) allocate(malloc), ,"#pragma clang loop(i1,j1,k1,i2,j2) interchange permutation(j1,k1,i1,j2,i2)",50,80,256,-0.0021997086448095615,False,1,"GaussianProcessRegressor(kernel=RationalQuadratic(alpha=1, length_scale=1))",ei
#pragma clang loop(j2) pack array(A) allocate(malloc), ,"#pragma clang loop(i1,j1,k1,i2,j2) interchange permutation(j1,k1,i1,j2,i2)",80,4,50,-0.0015696614829112665,False,1,"GaussianProcessRegressor(kernel=RationalQuadratic(alpha=1, length_scale=1))",ei
 , , ,80,2048,256,0.001106743905438634,False,1,"GaussianProcessRegressor(kernel=RationalQuadratic(alpha=1, length_scale=1))",ei
#pragma clang loop(j2) pack array(A) allocate(malloc), ,"#pragma clang loop(i1,j1,k1,i2,j2) interchange permutation(j1,k1,i1,j2,i2)",64,2048,50,-0.0014166023899044866,False,1,"GaussianProcessRegressor(kernel=RationalQuadratic(alpha=1, length_scale=1))",ei
 ,#pragma clang loop(i1) pack array(B) allocate(malloc), ,8,128,50,-0.001217929611262214,False,1,"GaussianProcessRegressor(kernel=RationalQuadratic(alpha=1, length_scale=1))",ei
#pragma clang loop(j2) pack array(A) allocate(malloc), , ,96,8,20,-0.0021225000000000003,True,0,"GaussianProcessRegressor(kernel=RationalQuadratic(alpha=1, length_scale=1))",ei
#pragma clang loop(j2) pack array(A) allocate(malloc), ,"#pragma clang loop(i1,j1,k1,i2,j2) interchange permutation(j1,k1,i1,j2,i2)",32,16,16,-0.0012055,True,0,"GaussianProcessRegressor(kernel=RationalQuadratic(alpha=1, length_scale=1))",ei
#pragma clang loop(j2) pack array(A) allocate(malloc), ,"#pragma clang loop(i1,j1,k1,i2,j2) interchange permutation(j1,k1,i1,j2,i2)",16,16,80,-0.001235,True,0,"GaussianProcessRegressor(kernel=RationalQuadratic(alpha=1, length_scale=1))",ei
 ,#pragma clang loop(i1) pack array(B) allocate(malloc),"#pragma clang loop(i1,j1,k1,i2,j2) interchange permutation(j1,k1,i1,j2,i2)",128,4,20,-0.001293,True,0,"GaussianProcessRegressor(kernel=RationalQuadratic(alpha=1, length_scale=1))",ei
 ,#pragma clang loop(i1) pack array(B) allocate(malloc), ,128,2048,16,-0.001589,True,0,"GaussianProcessRegressor(kernel=RationalQuadratic(alpha=1, length_scale=1))",ei
 , , ,100,2048,256,0.0009261986264325062,False,1,"GaussianProcessRegressor(kernel=RationalQuadratic(alpha=1, length_scale=1))",ei
 ,#pragma clang loop(i1) pack array(B) allocate(malloc),"#pragma clang loop(i1,j1,k1,i2,j2) interchange permutation(j1,k1,i1,j2,i2)",20,16,100,-0.0008933104118113988,False,1,"GaussianProcessRegressor(kernel=RationalQuadratic(alpha=1, length_scale=1))",ei
#pragma clang loop(j2) pack array(A) allocate(malloc), , ,96,100,100,-0.0020546241598822235,False,1,"GaussianProcessRegressor(kernel=RationalQuadratic(alpha=1, length_scale=1))",ei
 , ,"#pragma clang loop(i1,j1,k1,i2,j2) interchange permutation(j1,k1,i1,j2,i2)",96,2048,80,-0.0007427937841839594,False,1,GaussianProcessRegressor(kernel=RBF(length_scale=1)),ei
#pragma clang loop(j2) pack array(A) allocate(malloc),#pragma clang loop(i1) pack array(B) allocate(malloc),"#pragma clang loop(i1,j1,k1,i2,j2) interchange permutation(j1,k1,i1,j2,i2)",8,100,128,-0.0005813752712565262,False,1,"GaussianProcessRegressor(kernel=RationalQuadratic(alpha=1, length_scale=1))",ei
 , , ,32,20,16,-0.0014775,True,0,"GaussianProcessRegressor(kernel=RationalQuadratic(alpha=1, length_scale=1))",ei
#pragma clang loop(j2) pack array(A) allocate(malloc), ,"#pragma clang loop(i1,j1,k1,i2,j2) interchange permutation(j1,k1,i1,j2,i2)",64,2048,20,-0.0012515,True,0,"GaussianProcessRegressor(kernel=RationalQuadratic(alpha=1, length_scale=1))",ei
#pragma clang loop(j2) pack array(A) allocate(malloc), ,"#pragma clang loop(i1,j1,k1,i2,j2) interchange permutation(j1,k1,i1,j2,i2)",16,50,20,-0.0013859999999999999,True,0,"GaussianProcessRegressor(kernel=RationalQuadratic(alpha=1, length_scale=1))",ei
#pragma clang loop(j2) pack array(A) allocate(malloc),#pragma clang loop(i1) pack array(B) allocate(malloc),"#pragma clang loop(i1,j1,k1,i2,j2) interchange permutation(j1,k1,i1,j2,i2)",128,32,20,-0.0007455,True,0,"GaussianProcessRegressor(kernel=RationalQuadratic(alpha=1, length_scale=1))",ei
 ,#pragma clang loop(i1) pack array(B) allocate(malloc),"#pragma clang loop(i1,j1,k1,i2,j2) interchange permutation(j1,k1,i1,j2,i2)",16,16,50,-0.0012345000000000001,True,0,"GaussianProcessRegressor(kernel=RationalQuadratic(alpha=1, length_scale=1))",ei
 , ,"#pragma clang loop(i1,j1,k1,i2,j2) interchange permutation(j1,k1,i1,j2,i2)",16,100,64,-0.0008248251447184884,False,1,"GaussianProcessRegressor(kernel=RationalQuadratic(alpha=1, length_scale=1))",ei
 ,#pragma clang loop(i1) pack array(B) allocate(malloc),"#pragma clang loop(i1,j1,k1,i2,j2) interchange permutation(j1,k1,i1,j2,i2)",20,2048,50,-0.00044059837154258874,False,1,"GaussianProcessRegressor(kernel=RationalQuadratic(alpha=1, length_scale=1))",ei
#pragma clang loop(j2) pack array(A) allocate(malloc),#pragma clang loop(i1) pack array(B) allocate(malloc), ,64,4,128,-0.0008466644711377924,False,1,"GaussianProcessRegressor(kernel=RationalQuadratic(alpha=1, length_scale=1))",ei
#pragma clang loop(j2) pack array(A) allocate(malloc),#pragma clang loop(i1) pack array(B) allocate(malloc),"#pragma clang loop(i1,j1,k1,i2,j2) interchange permutation(j1,k1,i1,j2,i2)",128,2048,64,0.0012522472185310107,False,1,"GaussianProcessRegressor(kernel=RationalQuadratic(alpha=1, length_scale=1))",ei
#pragma clang loop(j2) pack array(A) allocate(malloc), ,"#pragma clang loop(i1,j1,k1,i2,j2) interchange permutation(j1,k1,i1,j2,i2)",16,32,50,-0.000984006991518127,False,1,"GaussianProcessRegressor(kernel=RationalQuadratic(alpha=1, length_scale=1))",ei
 ,#pragma clang loop(i1) pack array(B) allocate(malloc), ,128,16,16,-0.00022983694968066692,False,1,"GaussianProcessRegressor(kernel=Matern(length_scale=1, nu=1.5))",ei
#pragma clang loop(j2) pack array(A) allocate(malloc),#pragma clang loop(i1) pack array(B) allocate(malloc),"#pragma clang loop(i1,j1,k1,i2,j2) interchange permutation(j1,k1,i1,j2,i2)",20,16,8,-0.0010225,True,0,"GaussianProcessRegressor(kernel=RationalQuadratic(alpha=1, length_scale=1))",ei
#pragma clang loop(j2) pack array(A) allocate(malloc), ,"#pragma clang loop(i1,j1,k1,i2,j2) interchange permutation(j1,k1,i1,j2,i2)",64,4,32,-0.001308,True,0,"GaussianProcessRegressor(kernel=RationalQuadratic(alpha=1, length_scale=1))",ei
 ,#pragma clang loop(i1) pack array(B) allocate(malloc),"#pragma clang loop(i1,j1,k1,i2,j2) interchange permutation(j1,k1,i1,j2,i2)",96,100,32,-0.0013414999999999998,True,0,"GaussianProcessRegressor(kernel=RationalQuadratic(alpha=1, length_scale=1))",ei
 ,#pragma clang loop(i1) pack array(B) allocate(malloc), ,80,2048,256,-0.0013445,True,0,"GaussianProcessRegressor(kernel=RationalQuadratic(alpha=1, length_scale=1))",ei
 ,#pragma clang loop(i1) pack array(B) allocate(malloc), ,80,4,50,-0.0015855,True,0,"GaussianProcessRegressor(kernel=RationalQuadratic(alpha=1, length_scale=1))",ei
 ,#pragma clang loop(i1) pack array(B) allocate(malloc), ,128,2048,32,0.002576818656962132,False,1,"GaussianProcessRegressor(kernel=RationalQuadratic(alpha=1, length_scale=1))",ei
#pragma clang loop(j2) pack array(A) allocate(malloc),#pragma clang loop(i1) pack array(B) allocate(malloc),"#pragma clang loop(i1,j1,k1,i2,j2) interchange permutation(j1,k1,i1,j2,i2)",8,20,50,-0.0008195894945224325,False,1,"GaussianProcessRegressor(kernel=RationalQuadratic(alpha=1, length_scale=1))",ei
 , ,"#pragma clang loop(i1,j1,k1,i2,j2) interchange permutation(j1,k1,i1,j2,i2)",4,100,80,-0.001010622286948093,False,1,"GaussianProcessRegressor(kernel=RationalQuadratic(alpha=1, length_scale=1))",ei
#pragma clang loop(j2) pack array(A) allocate(malloc), ,"#pragma clang loop(i1,j1,k1,i2,j2) interchange permutation(j1,k1,i1,j2,i2)",80,4,50,-0.0015697111561276192,False,1,"GaussianProcessRegressor(kernel=RationalQuadratic(alpha=1, length_scale=1))",ei
 ,#pragma clang loop(i1) pack array(B) allocate(malloc), ,64,20,50,-0.001520499587059021,False,1,"GaussianProcessRegressor(kernel=RationalQuadratic(alpha=1, length_scale=1))",ei
 , ,"#pragma clang loop(i1,j1,k1,i2,j2) interchange permutation(j1,k1,i1,j2,i2)",100,20,80,-0.0007596974329844297,False,1,"GaussianProcessRegressor(kernel=RationalQuadratic(alpha=1, length_scale=1))",ei
#pragma clang loop(j2) pack array(A) allocate(malloc), ,"#pragma clang loop(i1,j1,k1,i2,j2) interchange permutation(j1,k1,i1,j2,i2)",4,80,32,-0.0014865,True,0,"GaussianProcessRegressor(kernel=RationalQuadratic(alpha=1, length_scale=1))",ei
#pragma clang loop(j2) pack array(A) allocate(malloc), , ,96,2048,64,-0.0018885000000000002,True,0,"GaussianProcessRegressor(kernel=RationalQuadratic(alpha=1, length_scale=1))",ei
 , , ,32,4,20,-0.0011840000000000002,True,0,"GaussianProcessRegressor(kernel=RationalQuadratic(alpha=1, length_scale=1))",ei
 ,#pragma clang loop(i1) pack array(B) allocate(malloc), ,64,4,32,-0.001335,True,0,"GaussianProcessRegressor(kernel=RationalQuadratic(alpha=1, length_scale=1))",ei
#pragma clang loop(j2) pack array(A) allocate(malloc), , ,80,80,32,-0.0021915,True,0,"GaussianProcessRegressor(kernel=RationalQuadratic(alpha=1, length_scale=1))",ei
 , , ,4,128,256,-0.0012087234431419347,False,1,"GaussianProcessRegressor(kernel=RationalQuadratic(alpha=1, length_scale=1))",ei
 ,#pragma clang loop(i1) pack array(B) allocate(malloc), ,16,16,50,-0.0005774796009063721,False,1,"GaussianProcessRegressor(kernel=RationalQuadratic(alpha=1, length_scale=1))",ei
#pragma clang loop(j2) pack array(A) allocate(malloc), ,"#pragma clang loop(i1,j1,k1,i2,j2) interchange permutation(j1,k1,i1,j2,i2)",20,32,100,-0.0013494515890474235,False,1,"GaussianProcessRegressor(kernel=RationalQuadratic(alpha=1, length_scale=1))",ei
#pragma clang loop(j2) pack array(A) allocate(malloc),#pragma clang loop(i1) pack array(B) allocate(malloc),"#pragma clang loop(i1,j1,k1,i2,j2) interchange permutation(j1,k1,i1,j2,i2)",80,64,8,-0.0020871562216502326,False,1,"GaussianProcessRegressor(kernel=RationalQuadratic(alpha=1, length_scale=1))",ei
 ,#pragma clang loop(i1) pack array(B) allocate(malloc), ,80,2048,128,-0.0007815356222380387,False,1,"GaussianProcessRegressor(kernel=RationalQuadratic(alpha=1, length_scale=1))",ei
 , , ,100,32,8,-0.0006136207594247267,False,1,"GaussianProcessRegressor(kernel=RationalQuadratic(alpha=1, length_scale=1))",ei
#pragma clang loop(j2) pack array(A) allocate(malloc),#pragma clang loop(i1) pack array(B) allocate(malloc), ,64,4,80,-0.0015553582495808627,False,1,"GaussianProcessRegressor(kernel=RationalQuadratic(alpha=1, length_scale=1))",ei
 ,#pragma clang loop(i1) pack array(B) allocate(malloc),"#pragma clang loop(i1,j1,k1,i2,j2) interchange permutation(j1,k1,i1,j2,i2)",8,50,32,-0.0013660568393483175,False,1,"GaussianProcessRegressor(kernel=RationalQuadratic(alpha=1, length_scale=1))",ei
 ,#pragma clang loop(i1) pack array(B) allocate(malloc), ,20,128,8,-0.001518,True,0,"GaussianProcessRegressor(kernel=RationalQuadratic(alpha=1, length_scale=1))",ei
 , ,"#pragma clang loop(i1,j1,k1,i2,j2) interchange permutation(j1,k1,i1,j2,i2)",128,20,80,-0.0012900000000000001,True,0,"GaussianProcessRegressor(kernel=RationalQuadratic(alpha=1, length_scale=1))",ei
 , ,"#pragma clang loop(i1,j1,k1,i2,j2) interchange permutation(j1,k1,i1,j2,i2)",80,50,64,-0.0013225,True,0,"GaussianProcessRegressor(kernel=RationalQuadratic(alpha=1, length_scale=1))",ei
#pragma clang loop(j2) pack array(A) allocate(malloc), ,"#pragma clang loop(i1,j1,k1,i2,j2) interchange permutation(j1,k1,i1,j2,i2)",32,100,128,-0.0011955,True,0,"GaussianProcessRegressor(kernel=RationalQuadratic(alpha=1, length_scale=1))",ei
 ,#pragma clang loop(i1) pack array(B) allocate(malloc),"#pragma clang loop(i1,j1,k1,i2,j2) interchange permutation(j1,k1,i1,j2,i2)",64,8,16,-0.0013205,True,0,"GaussianProcessRegressor(kernel=RationalQuadratic(alpha=1, length_scale=1))",ei
 ,#pragma clang loop(i1) pack array(B) allocate(malloc), ,80,32,32,-0.0013918495806137798,False,1,"GaussianProcessRegressor(kernel=RationalQuadratic(alpha=1, length_scale=1))",ei
 ,#pragma clang loop(i1) pack array(B) allocate(malloc),"#pragma clang loop(i1,j1,k1,i2,j2) interchange permutation(j1,k1,i1,j2,i2)",100,32,128,-0.0007735765184957444,False,1,"GaussianProcessRegressor(kernel=RationalQuadratic(alpha=1, length_scale=1))",ei
 , ,"#pragma clang loop(i1,j1,k1,i2,j2) interchange permutation(j1,k1,i1,j2,i2)",4,8,64,-0.001333376170658096,False,1,"GaussianProcessRegressor(kernel=RationalQuadratic(alpha=1, length_scale=1))",ei
#pragma clang loop(j2) pack array(A) allocate(malloc), , ,128,100,8,-0.0031099803550780347,False,1,"GaussianProcessRegressor(kernel=RationalQuadratic(alpha=1, length_scale=1))",ei
 ,#pragma clang loop(i1) pack array(B) allocate(malloc),"#pragma clang loop(i1,j1,k1,i2,j2) interchange permutation(j1,k1,i1,j2,i2)",50,128,128,-0.00035260298710682036,False,1,"GaussianProcessRegressor(kernel=RationalQuadratic(alpha=1, length_scale=1))",ei
#pragma clang loop(j2) pack array(A) allocate(malloc), ,"#pragma clang loop(i1,j1,k1,i2,j2) interchange permutation(j1,k1,i1,j2,i2)",16,64,32,-0.0015923512693838404,False,1,"GaussianProcessRegressor(kernel=RationalQuadratic(alpha=1, length_scale=1))",ei
#pragma clang loop(j2) pack array(A) allocate(malloc),#pragma clang loop(i1) pack array(B) allocate(malloc),"#pragma clang loop(i1,j1,k1,i2,j2) interchange permutation(j1,k1,i1,j2,i2)",96,8,50,-0.0014581485527322968,False,1,"GaussianProcessRegressor(kernel=RationalQuadratic(alpha=1, length_scale=1))",ei
 , , ,96,50,4,0.00013141275867667446,False,1,"GaussianProcessRegressor(kernel=RationalQuadratic(alpha=1, length_scale=1))",ei
 , , ,8,16,128,-0.0014955,True,0,"GaussianProcessRegressor(kernel=RationalQuadratic(alpha=1, length_scale=1))",ei
#pragma clang loop(j2) pack array(A) allocate(malloc), ,"#pragma clang loop(i1,j1,k1,i2,j2) interchange permutation(j1,k1,i1,j2,i2)",80,64,128,-0.0012575,True,0,"GaussianProcessRegressor(kernel=RationalQuadratic(alpha=1, length_scale=1))",ei
 , ,"#pragma clang loop(i1,j1,k1,i2,j2) interchange permutation(j1,k1,i1,j2,i2)",4,50,100,-0.0011875,True,0,"GaussianProcessRegressor(kernel=RationalQuadratic(alpha=1, length_scale=1))",ei
#pragma clang loop(j2) pack array(A) allocate(malloc),#pragma clang loop(i1) pack array(B) allocate(malloc), ,100,64,4,-0.0041925,True,0,"GaussianProcessRegressor(kernel=RationalQuadratic(alpha=1, length_scale=1))",ei
 ,#pragma clang loop(i1) pack array(B) allocate(malloc), ,128,16,128,-0.0012715,True,0,"GaussianProcessRegressor(kernel=RationalQuadratic(alpha=1, length_scale=1))",ei
#pragma clang loop(j2) pack array(A) allocate(malloc), , ,96,2048,16,0.013591893805710242,False,1,GaussianProcessRegressor(kernel=RBF(length_scale=1)),ei
 ,#pragma clang loop(i1) pack array(B) allocate(malloc), ,128,2048,50,0.0022374928621502477,False,1,"GaussianProcessRegressor(kernel=RationalQuadratic(alpha=1, length_scale=1))",ei
#pragma clang loop(j2) pack array(A) allocate(malloc), ,"#pragma clang loop(i1,j1,k1,i2,j2) interchange permutation(j1,k1,i1,j2,i2)",100,8,4,-0.002147530788761287,False,1,"GaussianProcessRegressor(kernel=RationalQuadratic(alpha=1, length_scale=1))",ei
 , , ,100,50,100,-0.0007086100808635365,False,1,"GaussianProcessRegressor(kernel=RationalQuadratic(alpha=1, length_scale=1))",ei
#pragma clang loop(j2) pack array(A) allocate(malloc),#pragma clang loop(i1) pack array(B) allocate(malloc),"#pragma clang loop(i1,j1,k1,i2,j2) interchange permutation(j1,k1,i1,j2,i2)",100,128,16,-0.0008462926085644473,False,1,"GaussianProcessRegressor(kernel=RationalQuadratic(alpha=1, length_scale=1))",ei
 , ,"#pragma clang loop(i1,j1,k1,i2,j2) interchange permutation(j1,k1,i1,j2,i2)",96,2048,20,0.0050254051199611904,False,1,"GaussianProcessRegressor(kernel=RationalQuadratic(alpha=1, length_scale=1))",ei
#pragma clang loop(j2) pack array(A) allocate(malloc),#pragma clang loop(i1) pack array(B) allocate(malloc), ,50,64,80,-0.001244688633540325,False,1,"GaussianProcessRegressor(kernel=RationalQuadratic(alpha=1, length_scale=1))",ei
 ,#pragma clang loop(i1) pack array(B) allocate(malloc), ,128,16,256,-0.0012205,True,0,"GaussianProcessRegressor(kernel=RationalQuadratic(alpha=1, length_scale=1))",ei
#pragma clang loop(j2) pack array(A) allocate(malloc),#pragma clang loop(i1) pack array(B) allocate(malloc), ,64,4,256,-0.0024005,True,0,"GaussianProcessRegressor(kernel=RationalQuadratic(alpha=1, length_scale=1))",ei
#pragma clang loop(j2) pack array(A) allocate(malloc),#pragma clang loop(i1) pack array(B) allocate(malloc),"#pragma clang loop(i1,j1,k1,i2,j2) interchange permutation(j1,k1,i1,j2,i2)",96,32,256,-0.0018859999999999999,True,0,"GaussianProcessRegressor(kernel=RationalQuadratic(alpha=1, length_scale=1))",ei
#pragma clang loop(j2) pack array(A) allocate(malloc),#pragma clang loop(i1) pack array(B) allocate(malloc), ,20,100,128,-0.001321,True,0,"GaussianProcessRegressor(kernel=RationalQuadratic(alpha=1, length_scale=1))",ei
 ,#pragma clang loop(i1) pack array(B) allocate(malloc),"#pragma clang loop(i1,j1,k1,i2,j2) interchange permutation(j1,k1,i1,j2,i2)",96,50,256,-0.001361,True,0,"GaussianProcessRegressor(kernel=RationalQuadratic(alpha=1, length_scale=1))",ei
