p0,p1,p2,p3,p4,p5,p6,p7,objective,actually_measured,lookahead,model_name,acquisition_function
2,cores,close,static, ,#pragma unroll (6),#pragma omp for, ,-7.5826899999999995,True,-1,initial_sampling,Random_Sampling
256,threads,master,dynamic,#pragma omp parallel for, ,#pragma omp for,MPI_Barrier(MPI_COMM_WORLD);,-8.374283333333333,True,0,GaussianProcessRegressor(kernel=DotProduct(sigma_0=1) + WhiteKernel(noise_level=1)),ei
256,sockets,master,dynamic,#pragma omp parallel for,#pragma unroll,#pragma omp for nowait, ,-8.39305,True,0,"GaussianProcessRegressor(kernel=Matern(length_scale=1, nu=1.5))",ei
256,cores,master,dynamic, ,#pragma unroll (6),#pragma omp for, ,-7.496933333333334,True,0,GaussianProcessRegressor(kernel=RBF(length_scale=1)),ei
256,sockets,master,dynamic,#pragma omp parallel for, ,#pragma omp for nowait,MPI_Barrier(MPI_COMM_WORLD);,-8.369093333333334,True,0,"GaussianProcessRegressor(kernel=RationalQuadratic(alpha=1, length_scale=1))",ei
64,threads,spread,static, , ,#pragma omp for nowait,MPI_Barrier(MPI_COMM_WORLD);,-7.526873333333334,True,0,GaussianProcessRegressor(kernel=DotProduct(sigma_0=1) + WhiteKernel(noise_level=1)),ei
256,sockets,master,dynamic,#pragma omp parallel for, ,#pragma omp for nowait,MPI_Barrier(MPI_COMM_WORLD);,-8.451323333333333,True,0,"GaussianProcessRegressor(kernel=Matern(length_scale=1, nu=1.5))",ei
256,threads,spread,dynamic,#pragma omp parallel for, ,#pragma omp for nowait, ,-8.358556666666667,True,0,GaussianProcessRegressor(kernel=RBF(length_scale=1)),ei
256,sockets,master,dynamic, , ,#pragma omp for nowait, ,-7.53677,True,0,"GaussianProcessRegressor(kernel=RationalQuadratic(alpha=1, length_scale=1))",ei
256,sockets,master,dynamic, ,#pragma unroll,#pragma omp for,MPI_Barrier(MPI_COMM_WORLD);,-7.545306666666666,True,0,GaussianProcessRegressor(kernel=DotProduct(sigma_0=1) + WhiteKernel(noise_level=1)),ei
256,sockets,master,dynamic, ,#pragma unroll,#pragma omp for,MPI_Barrier(MPI_COMM_WORLD);,-7.489196666666667,True,0,"GaussianProcessRegressor(kernel=Matern(length_scale=1, nu=1.5))",ei
256,cores,spread,dynamic,#pragma omp parallel for,#pragma unroll (6),#pragma omp for,MPI_Barrier(MPI_COMM_WORLD);,-8.958793333333332,True,0,GaussianProcessRegressor(kernel=RBF(length_scale=1)),ei
256,sockets,master,dynamic,#pragma omp parallel for,#pragma unroll (6),#pragma omp for nowait,MPI_Barrier(MPI_COMM_WORLD);,-8.397626666666666,True,0,"GaussianProcessRegressor(kernel=RationalQuadratic(alpha=1, length_scale=1))",ei
64,sockets,master,static,#pragma omp parallel for, ,#pragma omp for nowait,MPI_Barrier(MPI_COMM_WORLD);,-7.82242,True,0,"GaussianProcessRegressor(kernel=Matern(length_scale=1, nu=1.5))",ei
256,cores,master,dynamic, ,#pragma unroll (6),#pragma omp for nowait, ,-7.637143333333333,True,0,GaussianProcessRegressor(kernel=DotProduct(sigma_0=1) + WhiteKernel(noise_level=1)),ei
64,sockets,master,dynamic,#pragma omp parallel for,#pragma unroll,#pragma omp for, ,-7.7113000000000005,True,0,"GaussianProcessRegressor(kernel=Matern(length_scale=1, nu=1.5))",ei
64,sockets,master,dynamic,#pragma omp parallel for,#pragma unroll,#pragma omp for nowait,MPI_Barrier(MPI_COMM_WORLD);,-7.73017,True,0,"GaussianProcessRegressor(kernel=RationalQuadratic(alpha=1, length_scale=1))",ei
64,sockets,master,dynamic, ,#pragma unroll,#pragma omp for nowait,MPI_Barrier(MPI_COMM_WORLD);,-7.52184,True,0,GaussianProcessRegressor(kernel=DotProduct(sigma_0=1) + WhiteKernel(noise_level=1)),ei
32,sockets,master,dynamic, ,#pragma unroll,#pragma omp for, ,-8.464953333333334,True,0,GaussianProcessRegressor(kernel=RBF(length_scale=1)),ei
32,cores,master,static, ,#pragma unroll,#pragma omp for nowait, ,-7.517453333333333,True,0,"GaussianProcessRegressor(kernel=Matern(length_scale=1, nu=1.5))",ei
64,cores,master,dynamic, ,#pragma unroll,#pragma omp for nowait, ,-7.409103333333334,True,0,"GaussianProcessRegressor(kernel=Matern(length_scale=1, nu=1.5))",ei
2,sockets,master,static, ,#pragma unroll,#pragma omp for, ,-7.603606666666667,True,0,GaussianProcessRegressor(kernel=DotProduct(sigma_0=1) + WhiteKernel(noise_level=1)),ei
64,cores,master,static, ,#pragma unroll (6),#pragma omp for nowait,MPI_Barrier(MPI_COMM_WORLD);,-7.56013,True,0,GaussianProcessRegressor(kernel=DotProduct(sigma_0=1) + WhiteKernel(noise_level=1)),ei
64,sockets,master,dynamic, ,#pragma unroll (6),#pragma omp for nowait, ,-7.735193333333332,True,0,GaussianProcessRegressor(kernel=DotProduct(sigma_0=1) + WhiteKernel(noise_level=1)),ei
64,cores,master,static, , ,#pragma omp for nowait,MPI_Barrier(MPI_COMM_WORLD);,-7.535433333333334,True,0,GaussianProcessRegressor(kernel=DotProduct(sigma_0=1) + WhiteKernel(noise_level=1)),ei
2,threads,master,static, ,#pragma unroll,#pragma omp for nowait, ,-7.58682,True,0,GaussianProcessRegressor(kernel=DotProduct(sigma_0=1) + WhiteKernel(noise_level=1)),ei
64,cores,close,dynamic,#pragma omp parallel for, ,#pragma omp for,MPI_Barrier(MPI_COMM_WORLD);,-7.511204658978698,False,1,"GaussianProcessRegressor(kernel=Matern(length_scale=1, nu=1.5))",ei
64,sockets,close,dynamic, , ,#pragma omp for,MPI_Barrier(MPI_COMM_WORLD);,-7.216153634275176,False,1,GaussianProcessRegressor(kernel=RBF(length_scale=1)),ei
96,threads,close,static, , ,#pragma omp for nowait,MPI_Barrier(MPI_COMM_WORLD);,-0.023827875771801527,False,1,GaussianProcessRegressor(kernel=RBF(length_scale=1)),ei
32,cores,master,static, ,#pragma unroll,#pragma omp for, ,-7.61372287228375,False,1,"GaussianProcessRegressor(kernel=RationalQuadratic(alpha=1, length_scale=1))",ei
64,cores,master,static, ,#pragma unroll,#pragma omp for nowait, ,-7.228573530912399,False,1,"GaussianProcessRegressor(kernel=Matern(length_scale=1, nu=1.5))",ei
64,cores,master,dynamic, ,#pragma unroll,#pragma omp for nowait,MPI_Barrier(MPI_COMM_WORLD);,-7.536619793732475,False,1,"GaussianProcessRegressor(kernel=RationalQuadratic(alpha=1, length_scale=1))",ei
64,sockets,close,static,#pragma omp parallel for,#pragma unroll,#pragma omp for nowait, ,-7.3130063163321735,False,1,"GaussianProcessRegressor(kernel=Matern(length_scale=1, nu=1.5))",ei
48,cores,close,dynamic,#pragma omp parallel for, ,#pragma omp for nowait, ,-0.31033396760698106,False,1,"GaussianProcessRegressor(kernel=Matern(length_scale=1, nu=1.5))",ei
32,threads,close,static,#pragma omp parallel for, ,#pragma omp for nowait,MPI_Barrier(MPI_COMM_WORLD);,-1.4836676559474347,False,1,"GaussianProcessRegressor(kernel=Matern(length_scale=1, nu=1.5))",ei
96,sockets,close,static,#pragma omp parallel for,#pragma unroll,#pragma omp for nowait,MPI_Barrier(MPI_COMM_WORLD);,-7.8614999999999995,True,0,"GaussianProcessRegressor(kernel=Matern(length_scale=1, nu=1.5))",ei
48,cores,close,static, , ,#pragma omp for nowait,MPI_Barrier(MPI_COMM_WORLD);,-7.469596666666667,True,0,"GaussianProcessRegressor(kernel=Matern(length_scale=1, nu=1.5))",ei
48,sockets,close,static,#pragma omp parallel for, ,#pragma omp for nowait, ,-7.734476666666666,True,0,"GaussianProcessRegressor(kernel=Matern(length_scale=1, nu=1.5))",ei
16,cores,close,dynamic,#pragma omp parallel for, ,#pragma omp for,MPI_Barrier(MPI_COMM_WORLD);,-7.7511133333333335,True,0,"GaussianProcessRegressor(kernel=Matern(length_scale=1, nu=1.5))",ei
128,threads,close,dynamic, , ,#pragma omp for nowait,MPI_Barrier(MPI_COMM_WORLD);,-7.489623333333334,True,0,"GaussianProcessRegressor(kernel=Matern(length_scale=1, nu=1.5))",ei
64,cores,master,static, ,#pragma unroll (6),#pragma omp for nowait,MPI_Barrier(MPI_COMM_WORLD);,-7.437423949407503,False,1,GaussianProcessRegressor(kernel=DotProduct(sigma_0=1) + WhiteKernel(noise_level=1)),ei
96,threads,close,static, , ,#pragma omp for nowait, ,-7.397436666666667,True,0,GaussianProcessRegressor(kernel=DotProduct(sigma_0=1) + WhiteKernel(noise_level=1)),ei
192,cores,close,static, , ,#pragma omp for nowait,MPI_Barrier(MPI_COMM_WORLD);,-7.517956666666667,True,0,GaussianProcessRegressor(kernel=DotProduct(sigma_0=1) + WhiteKernel(noise_level=1)),ei
16,cores,close,static, , ,#pragma omp for nowait, ,-7.4482333333333335,True,0,GaussianProcessRegressor(kernel=DotProduct(sigma_0=1) + WhiteKernel(noise_level=1)),ei
4,cores,close,static, , ,#pragma omp for nowait,MPI_Barrier(MPI_COMM_WORLD);,-7.523799999999999,True,0,GaussianProcessRegressor(kernel=DotProduct(sigma_0=1) + WhiteKernel(noise_level=1)),ei
4,cores,close,static, , ,#pragma omp for nowait, ,-7.4529966666666665,True,0,GaussianProcessRegressor(kernel=DotProduct(sigma_0=1) + WhiteKernel(noise_level=1)),ei
8,sockets,close,static,#pragma omp parallel for,#pragma unroll,#pragma omp for,MPI_Barrier(MPI_COMM_WORLD);,-1.1183876729025275,False,1,"GaussianProcessRegressor(kernel=Matern(length_scale=1, nu=1.5))",ei
4,cores,close,static,#pragma omp parallel for, ,#pragma omp for nowait,MPI_Barrier(MPI_COMM_WORLD);,-6.196818322119999,False,1,GaussianProcessRegressor(kernel=DotProduct(sigma_0=1) + WhiteKernel(noise_level=1)),ei
192,sockets,close,static,#pragma omp parallel for,#pragma unroll,#pragma omp for nowait,MPI_Barrier(MPI_COMM_WORLD);,-5.629490598998842,False,1,GaussianProcessRegressor(kernel=DotProduct(sigma_0=1) + WhiteKernel(noise_level=1)),ei
16,sockets,master,static,#pragma omp parallel for, ,#pragma omp for nowait,MPI_Barrier(MPI_COMM_WORLD);,-1.0973207322876675,False,1,"GaussianProcessRegressor(kernel=Matern(length_scale=1, nu=1.5))",ei
96,cores,master,dynamic,#pragma omp parallel for, ,#pragma omp for, ,-1.3352561885332839,False,1,"GaussianProcessRegressor(kernel=Matern(length_scale=1, nu=1.5))",ei
8,sockets,master,dynamic,#pragma omp parallel for, ,#pragma omp for,MPI_Barrier(MPI_COMM_WORLD);,-1.2470294346500839,False,1,"GaussianProcessRegressor(kernel=Matern(length_scale=1, nu=1.5))",ei
192,sockets,close,static,#pragma omp parallel for,#pragma unroll,#pragma omp for nowait,MPI_Barrier(MPI_COMM_WORLD);,-5.623993586537904,False,1,GaussianProcessRegressor(kernel=DotProduct(sigma_0=1) + WhiteKernel(noise_level=1)),ei
4,cores,close,static,#pragma omp parallel for, ,#pragma omp for,MPI_Barrier(MPI_COMM_WORLD);,-14.6886,True,0,GaussianProcessRegressor(kernel=DotProduct(sigma_0=1) + WhiteKernel(noise_level=1)),ei
8,sockets,close,static,#pragma omp parallel for, ,#pragma omp for, ,-15.866266666666666,True,0,GaussianProcessRegressor(kernel=DotProduct(sigma_0=1) + WhiteKernel(noise_level=1)),ei
256,cores,master,static,#pragma omp parallel for, ,#pragma omp for nowait,MPI_Barrier(MPI_COMM_WORLD);,-8.33025,True,0,GaussianProcessRegressor(kernel=DotProduct(sigma_0=1) + WhiteKernel(noise_level=1)),ei
192,cores,close,dynamic,#pragma omp parallel for, ,#pragma omp for nowait,MPI_Barrier(MPI_COMM_WORLD);,-15.654200000000001,True,0,GaussianProcessRegressor(kernel=DotProduct(sigma_0=1) + WhiteKernel(noise_level=1)),ei
16,sockets,master,static,#pragma omp parallel for, ,#pragma omp for nowait,MPI_Barrier(MPI_COMM_WORLD);,-14.915466666666667,True,0,GaussianProcessRegressor(kernel=DotProduct(sigma_0=1) + WhiteKernel(noise_level=1)),ei
4,sockets,close,static, ,#pragma unroll,#pragma omp for nowait,MPI_Barrier(MPI_COMM_WORLD);,-6.7909501361201166,False,1,GaussianProcessRegressor(kernel=DotProduct(sigma_0=1) + WhiteKernel(noise_level=1)),ei
48,sockets,master,static,#pragma omp parallel for, ,#pragma omp for,MPI_Barrier(MPI_COMM_WORLD);,-1.3574003949320828,False,1,"GaussianProcessRegressor(kernel=Matern(length_scale=1, nu=1.5))",ei
96,sockets,close,dynamic, ,#pragma unroll,#pragma omp for nowait,MPI_Barrier(MPI_COMM_WORLD);,-6.863527077061916,False,1,GaussianProcessRegressor(kernel=DotProduct(sigma_0=1) + WhiteKernel(noise_level=1)),ei
192,sockets,close,static, , ,#pragma omp for,MPI_Barrier(MPI_COMM_WORLD);,-6.760116937833136,False,1,GaussianProcessRegressor(kernel=DotProduct(sigma_0=1) + WhiteKernel(noise_level=1)),ei
4,sockets,close,static, , ,#pragma omp for,MPI_Barrier(MPI_COMM_WORLD);,-14.245800000000001,True,0,GaussianProcessRegressor(kernel=DotProduct(sigma_0=1) + WhiteKernel(noise_level=1)),ei
192,sockets,master,static,#pragma omp parallel for,#pragma unroll,#pragma omp for nowait,MPI_Barrier(MPI_COMM_WORLD);,-8.38038,True,0,GaussianProcessRegressor(kernel=DotProduct(sigma_0=1) + WhiteKernel(noise_level=1)),ei
192,threads,master,static,#pragma omp parallel for,#pragma unroll,#pragma omp for nowait,MPI_Barrier(MPI_COMM_WORLD);,-8.203146666666667,True,0,GaussianProcessRegressor(kernel=DotProduct(sigma_0=1) + WhiteKernel(noise_level=1)),ei
256,threads,master,static,#pragma omp parallel for,#pragma unroll,#pragma omp for nowait,MPI_Barrier(MPI_COMM_WORLD);,-8.407563333333334,True,0,GaussianProcessRegressor(kernel=DotProduct(sigma_0=1) + WhiteKernel(noise_level=1)),ei
64,sockets,close,static,#pragma omp parallel for,#pragma unroll,#pragma omp for nowait,MPI_Barrier(MPI_COMM_WORLD);,-7.742586666666668,True,0,GaussianProcessRegressor(kernel=DotProduct(sigma_0=1) + WhiteKernel(noise_level=1)),ei
256,sockets,master,static,#pragma omp parallel for,#pragma unroll,#pragma omp for nowait,MPI_Barrier(MPI_COMM_WORLD);,-7.217788719303101,False,1,GaussianProcessRegressor(kernel=DotProduct(sigma_0=1) + WhiteKernel(noise_level=1)),ei
32,cores,spread,dynamic,#pragma omp parallel for, ,#pragma omp for nowait, ,-0.9077792455983325,False,1,"GaussianProcessRegressor(kernel=Matern(length_scale=1, nu=1.5))",ei
32,cores,master,dynamic,#pragma omp parallel for, ,#pragma omp for nowait,MPI_Barrier(MPI_COMM_WORLD);,-1.4735063474798265,False,1,"GaussianProcessRegressor(kernel=Matern(length_scale=1, nu=1.5))",ei
4,sockets,master,static,#pragma omp parallel for, ,#pragma omp for nowait,MPI_Barrier(MPI_COMM_WORLD);,-7.23299940345988,False,1,GaussianProcessRegressor(kernel=DotProduct(sigma_0=1) + WhiteKernel(noise_level=1)),ei
64,cores,master,dynamic,#pragma omp parallel for, ,#pragma omp for nowait, ,-6.421330833245579,False,1,GaussianProcessRegressor(kernel=DotProduct(sigma_0=1) + WhiteKernel(noise_level=1)),ei
64,cores,master,static, ,#pragma unroll,#pragma omp for, ,-7.153434882178874,False,1,"GaussianProcessRegressor(kernel=Matern(length_scale=1, nu=1.5))",ei
16,cores,master,dynamic,#pragma omp parallel for, ,#pragma omp for nowait,MPI_Barrier(MPI_COMM_WORLD);,-6.491273300837803,False,1,GaussianProcessRegressor(kernel=DotProduct(sigma_0=1) + WhiteKernel(noise_level=1)),ei
96,sockets,master,dynamic,#pragma omp parallel for, ,#pragma omp for, ,-1.7157608443971886,False,1,"GaussianProcessRegressor(kernel=Matern(length_scale=1, nu=1.5))",ei
8,cores,master,dynamic,#pragma omp parallel for, ,#pragma omp for nowait,MPI_Barrier(MPI_COMM_WORLD);,-7.47121,True,0,GaussianProcessRegressor(kernel=DotProduct(sigma_0=1) + WhiteKernel(noise_level=1)),ei
2,cores,master,dynamic,#pragma omp parallel for, ,#pragma omp for nowait, ,-11.666233333333333,True,0,GaussianProcessRegressor(kernel=DotProduct(sigma_0=1) + WhiteKernel(noise_level=1)),ei
256,sockets,master,dynamic,#pragma omp parallel for, ,#pragma omp for, ,-8.392036666666668,True,0,GaussianProcessRegressor(kernel=DotProduct(sigma_0=1) + WhiteKernel(noise_level=1)),ei
192,cores,master,dynamic,#pragma omp parallel for, ,#pragma omp for nowait, ,-8.24221,True,0,GaussianProcessRegressor(kernel=DotProduct(sigma_0=1) + WhiteKernel(noise_level=1)),ei
256,sockets,master,dynamic,#pragma omp parallel for, ,#pragma omp for nowait, ,-8.376353333333334,True,0,GaussianProcessRegressor(kernel=DotProduct(sigma_0=1) + WhiteKernel(noise_level=1)),ei
48,cores,close,dynamic,#pragma omp parallel for,#pragma unroll,#pragma omp for nowait, ,-1.7355396478914444,False,1,"GaussianProcessRegressor(kernel=Matern(length_scale=1, nu=1.5))",ei
64,cores,master,dynamic,#pragma omp parallel for, ,#pragma omp for nowait, ,-6.888504071917787,False,1,GaussianProcessRegressor(kernel=DotProduct(sigma_0=1) + WhiteKernel(noise_level=1)),ei
96,cores,master,dynamic,#pragma omp parallel for,#pragma unroll,#pragma omp for nowait, ,-1.9732732190962443,False,1,"GaussianProcessRegressor(kernel=Matern(length_scale=1, nu=1.5))",ei
48,cores,master,dynamic,#pragma omp parallel for, ,#pragma omp for nowait,MPI_Barrier(MPI_COMM_WORLD);,-0.7490255945647629,False,1,"GaussianProcessRegressor(kernel=Matern(length_scale=1, nu=1.5))",ei
256,cores,close,dynamic,#pragma omp parallel for,#pragma unroll (6),#pragma omp for nowait, ,-6.537799297741267,False,1,GaussianProcessRegressor(kernel=DotProduct(sigma_0=1) + WhiteKernel(noise_level=1)),ei
4,sockets,master,static, , ,#pragma omp for, ,-6.808939922446882,False,1,GaussianProcessRegressor(kernel=DotProduct(sigma_0=1) + WhiteKernel(noise_level=1)),ei
96,sockets,master,static, , ,#pragma omp for,MPI_Barrier(MPI_COMM_WORLD);,-1.5608516932189105,False,1,"GaussianProcessRegressor(kernel=Matern(length_scale=1, nu=1.5))",ei
8,cores,close,dynamic,#pragma omp parallel for,#pragma unroll,#pragma omp for nowait,MPI_Barrier(MPI_COMM_WORLD);,-7.540863333333333,True,0,GaussianProcessRegressor(kernel=DotProduct(sigma_0=1) + WhiteKernel(noise_level=1)),ei
128,cores,master,dynamic,#pragma omp parallel for, ,#pragma omp for,MPI_Barrier(MPI_COMM_WORLD);,-7.943953333333333,True,0,GaussianProcessRegressor(kernel=DotProduct(sigma_0=1) + WhiteKernel(noise_level=1)),ei
192,cores,master,dynamic,#pragma omp parallel for,#pragma unroll (6),#pragma omp for, ,-8.206213333333332,True,0,GaussianProcessRegressor(kernel=DotProduct(sigma_0=1) + WhiteKernel(noise_level=1)),ei
128,cores,master,dynamic,#pragma omp parallel for, ,#pragma omp for nowait, ,-7.9513,True,0,GaussianProcessRegressor(kernel=DotProduct(sigma_0=1) + WhiteKernel(noise_level=1)),ei
192,cores,master,dynamic,#pragma omp parallel for, ,#pragma omp for nowait, ,-8.261000000000001,True,0,GaussianProcessRegressor(kernel=DotProduct(sigma_0=1) + WhiteKernel(noise_level=1)),ei
256,cores,master,dynamic,#pragma omp parallel for,#pragma unroll,#pragma omp for nowait,MPI_Barrier(MPI_COMM_WORLD);,-6.530369110628438,False,1,GaussianProcessRegressor(kernel=DotProduct(sigma_0=1) + WhiteKernel(noise_level=1)),ei
48,cores,master,static,#pragma omp parallel for, ,#pragma omp for, ,-1.446995214097662,False,1,"GaussianProcessRegressor(kernel=Matern(length_scale=1, nu=1.5))",ei
48,cores,master,dynamic,#pragma omp parallel for,#pragma unroll,#pragma omp for nowait, ,-6.170703740825967,False,1,GaussianProcessRegressor(kernel=DotProduct(sigma_0=1) + WhiteKernel(noise_level=1)),ei
48,cores,close,static,#pragma omp parallel for,#pragma unroll,#pragma omp for,MPI_Barrier(MPI_COMM_WORLD);,-2.0262535715023815,False,1,"GaussianProcessRegressor(kernel=Matern(length_scale=1, nu=1.5))",ei
128,cores,master,dynamic,#pragma omp parallel for,#pragma unroll (6),#pragma omp for nowait,MPI_Barrier(MPI_COMM_WORLD);,-6.5578874304256525,False,1,GaussianProcessRegressor(kernel=DotProduct(sigma_0=1) + WhiteKernel(noise_level=1)),ei
48,sockets,master,dynamic, , ,#pragma omp for nowait,MPI_Barrier(MPI_COMM_WORLD);,-1.792888662777841,False,1,"GaussianProcessRegressor(kernel=Matern(length_scale=1, nu=1.5))",ei
48,cores,master,dynamic, , ,#pragma omp for, ,-1.4075946677160425,False,1,"GaussianProcessRegressor(kernel=Matern(length_scale=1, nu=1.5))",ei
64,cores,close,dynamic, ,#pragma unroll,#pragma omp for, ,-7.549133333333334,True,0,GaussianProcessRegressor(kernel=DotProduct(sigma_0=1) + WhiteKernel(noise_level=1)),ei
256,cores,master,static, ,#pragma unroll,#pragma omp for, ,-7.5002233333333335,True,0,GaussianProcessRegressor(kernel=DotProduct(sigma_0=1) + WhiteKernel(noise_level=1)),ei
256,cores,master,dynamic,#pragma omp parallel for, ,#pragma omp for,MPI_Barrier(MPI_COMM_WORLD);,-8.39788,True,0,GaussianProcessRegressor(kernel=DotProduct(sigma_0=1) + WhiteKernel(noise_level=1)),ei
128,cores,master,static,#pragma omp parallel for,#pragma unroll,#pragma omp for,MPI_Barrier(MPI_COMM_WORLD);,-7.96919,True,0,GaussianProcessRegressor(kernel=DotProduct(sigma_0=1) + WhiteKernel(noise_level=1)),ei
256,cores,close,dynamic,#pragma omp parallel for,#pragma unroll,#pragma omp for,MPI_Barrier(MPI_COMM_WORLD);,-8.474236666666666,True,0,GaussianProcessRegressor(kernel=DotProduct(sigma_0=1) + WhiteKernel(noise_level=1)),ei
32,sockets,close,dynamic,#pragma omp parallel for,#pragma unroll,#pragma omp for,MPI_Barrier(MPI_COMM_WORLD);,-2.2066561146272927,False,1,"GaussianProcessRegressor(kernel=Matern(length_scale=1, nu=1.5))",ei
64,cores,master,static, ,#pragma unroll (6),#pragma omp for,MPI_Barrier(MPI_COMM_WORLD);,-7.559732189446665,False,1,"GaussianProcessRegressor(kernel=RationalQuadratic(alpha=1, length_scale=1))",ei
48,cores,master,dynamic,#pragma omp parallel for, ,#pragma omp for, ,-0.2069073064307184,False,1,"GaussianProcessRegressor(kernel=RationalQuadratic(alpha=1, length_scale=1))",ei
48,sockets,close,dynamic, , ,#pragma omp for,MPI_Barrier(MPI_COMM_WORLD);,-2.1876566917825313,False,1,"GaussianProcessRegressor(kernel=Matern(length_scale=1, nu=1.5))",ei
48,threads,master,dynamic,#pragma omp parallel for, ,#pragma omp for,MPI_Barrier(MPI_COMM_WORLD);,-1.357389243452795,False,1,"GaussianProcessRegressor(kernel=Matern(length_scale=1, nu=1.5))",ei
96,cores,close,dynamic, ,#pragma unroll,#pragma omp for, ,-2.2304061831094995,False,1,"GaussianProcessRegressor(kernel=Matern(length_scale=1, nu=1.5))",ei
48,cores,spread,dynamic,#pragma omp parallel for, ,#pragma omp for, ,-0.9556046188687725,False,1,"GaussianProcessRegressor(kernel=Matern(length_scale=1, nu=1.5))",ei
256,cores,master,static, , ,#pragma omp for,MPI_Barrier(MPI_COMM_WORLD);,-7.534646666666666,True,0,GaussianProcessRegressor(kernel=DotProduct(sigma_0=1) + WhiteKernel(noise_level=1)),ei
256,cores,close,dynamic, , ,#pragma omp for, ,-7.490103333333334,True,0,GaussianProcessRegressor(kernel=DotProduct(sigma_0=1) + WhiteKernel(noise_level=1)),ei
64,cores,close,dynamic,#pragma omp parallel for,#pragma unroll,#pragma omp for,MPI_Barrier(MPI_COMM_WORLD);,-8.361556666666667,True,0,GaussianProcessRegressor(kernel=DotProduct(sigma_0=1) + WhiteKernel(noise_level=1)),ei
4,sockets,close,dynamic,#pragma omp parallel for, ,#pragma omp for, ,-7.442456666666666,True,0,GaussianProcessRegressor(kernel=DotProduct(sigma_0=1) + WhiteKernel(noise_level=1)),ei
64,cores,master,dynamic,#pragma omp parallel for, ,#pragma omp for,MPI_Barrier(MPI_COMM_WORLD);,-7.688366666666667,True,0,GaussianProcessRegressor(kernel=DotProduct(sigma_0=1) + WhiteKernel(noise_level=1)),ei
128,cores,master,static,#pragma omp parallel for,#pragma unroll (6),#pragma omp for, ,-6.208566345125918,False,1,GaussianProcessRegressor(kernel=DotProduct(sigma_0=1) + WhiteKernel(noise_level=1)),ei
192,cores,spread,dynamic,#pragma omp parallel for, ,#pragma omp for, ,-5.750732576367288,False,1,GaussianProcessRegressor(kernel=DotProduct(sigma_0=1) + WhiteKernel(noise_level=1)),ei
256,cores,spread,dynamic,#pragma omp parallel for, ,#pragma omp for, ,-5.7252710856050895,False,1,GaussianProcessRegressor(kernel=DotProduct(sigma_0=1) + WhiteKernel(noise_level=1)),ei
256,cores,master,dynamic,#pragma omp parallel for, ,#pragma omp for,MPI_Barrier(MPI_COMM_WORLD);,-5.821027436529027,False,1,GaussianProcessRegressor(kernel=DotProduct(sigma_0=1) + WhiteKernel(noise_level=1)),ei
256,cores,close,dynamic,#pragma omp parallel for, ,#pragma omp for, ,-5.746062038930024,False,1,GaussianProcessRegressor(kernel=DotProduct(sigma_0=1) + WhiteKernel(noise_level=1)),ei
256,cores,spread,dynamic,#pragma omp parallel for, ,#pragma omp for, ,-5.722613398253287,False,1,GaussianProcessRegressor(kernel=DotProduct(sigma_0=1) + WhiteKernel(noise_level=1)),ei
256,cores,close,dynamic,#pragma omp parallel for, ,#pragma omp for, ,-5.744581226827481,False,1,GaussianProcessRegressor(kernel=DotProduct(sigma_0=1) + WhiteKernel(noise_level=1)),ei
256,threads,master,dynamic,#pragma omp parallel for, ,#pragma omp for, ,-8.385553333333332,True,0,GaussianProcessRegressor(kernel=DotProduct(sigma_0=1) + WhiteKernel(noise_level=1)),ei
32,cores,close,dynamic,#pragma omp parallel for, ,#pragma omp for, ,-7.658713333333334,True,0,GaussianProcessRegressor(kernel=DotProduct(sigma_0=1) + WhiteKernel(noise_level=1)),ei
128,cores,master,dynamic,#pragma omp parallel for, ,#pragma omp for,MPI_Barrier(MPI_COMM_WORLD);,-7.918193333333334,True,0,GaussianProcessRegressor(kernel=DotProduct(sigma_0=1) + WhiteKernel(noise_level=1)),ei
256,threads,master,dynamic,#pragma omp parallel for, ,#pragma omp for, ,-8.372086666666668,True,0,GaussianProcessRegressor(kernel=DotProduct(sigma_0=1) + WhiteKernel(noise_level=1)),ei
128,cores,spread,dynamic,#pragma omp parallel for, ,#pragma omp for, ,-8.03632,True,0,GaussianProcessRegressor(kernel=DotProduct(sigma_0=1) + WhiteKernel(noise_level=1)),ei
256,cores,master,dynamic,#pragma omp parallel for, ,#pragma omp for,MPI_Barrier(MPI_COMM_WORLD);,-6.073751681141971,False,1,GaussianProcessRegressor(kernel=DotProduct(sigma_0=1) + WhiteKernel(noise_level=1)),ei
128,cores,close,dynamic,#pragma omp parallel for, ,#pragma omp for, ,-5.800581662195208,False,1,GaussianProcessRegressor(kernel=DotProduct(sigma_0=1) + WhiteKernel(noise_level=1)),ei
192,cores,master,dynamic,#pragma omp parallel for, ,#pragma omp for, ,-6.038069836075746,False,1,GaussianProcessRegressor(kernel=DotProduct(sigma_0=1) + WhiteKernel(noise_level=1)),ei
2,sockets,close,dynamic,#pragma omp parallel for, ,#pragma omp for, ,-6.33276887792241,False,1,GaussianProcessRegressor(kernel=DotProduct(sigma_0=1) + WhiteKernel(noise_level=1)),ei
128,cores,spread,dynamic,#pragma omp parallel for, ,#pragma omp for, ,-6.050989979665872,False,1,GaussianProcessRegressor(kernel=DotProduct(sigma_0=1) + WhiteKernel(noise_level=1)),ei
96,cores,close,static, , ,#pragma omp for nowait,MPI_Barrier(MPI_COMM_WORLD);,-1.0000537484884262,False,1,"GaussianProcessRegressor(kernel=RationalQuadratic(alpha=1, length_scale=1))",ei
256,threads,master,dynamic,#pragma omp parallel for, ,#pragma omp for, ,-6.103456209698107,False,1,GaussianProcessRegressor(kernel=DotProduct(sigma_0=1) + WhiteKernel(noise_level=1)),ei
192,cores,spread,dynamic, , ,#pragma omp for,MPI_Barrier(MPI_COMM_WORLD);,-7.589526666666667,True,0,GaussianProcessRegressor(kernel=DotProduct(sigma_0=1) + WhiteKernel(noise_level=1)),ei
256,cores,spread,dynamic,#pragma omp parallel for, ,#pragma omp for,MPI_Barrier(MPI_COMM_WORLD);,-8.392249999999999,True,0,GaussianProcessRegressor(kernel=DotProduct(sigma_0=1) + WhiteKernel(noise_level=1)),ei
192,cores,close,dynamic,#pragma omp parallel for, ,#pragma omp for, ,-8.1728,True,0,GaussianProcessRegressor(kernel=DotProduct(sigma_0=1) + WhiteKernel(noise_level=1)),ei
192,cores,close,dynamic, , ,#pragma omp for, ,-7.724373333333333,True,0,GaussianProcessRegressor(kernel=DotProduct(sigma_0=1) + WhiteKernel(noise_level=1)),ei
192,cores,spread,dynamic,#pragma omp parallel for, ,#pragma omp for, ,-8.22465,True,0,GaussianProcessRegressor(kernel=DotProduct(sigma_0=1) + WhiteKernel(noise_level=1)),ei
16,sockets,close,static, ,#pragma unroll,#pragma omp for,MPI_Barrier(MPI_COMM_WORLD);,-2.170197519297718,False,1,"GaussianProcessRegressor(kernel=Matern(length_scale=1, nu=1.5))",ei
192,cores,master,dynamic,#pragma omp parallel for, ,#pragma omp for,MPI_Barrier(MPI_COMM_WORLD);,-6.22969045731201,False,1,GaussianProcessRegressor(kernel=DotProduct(sigma_0=1) + WhiteKernel(noise_level=1)),ei
256,cores,spread,dynamic, , ,#pragma omp for,MPI_Barrier(MPI_COMM_WORLD);,-6.191356419950835,False,1,GaussianProcessRegressor(kernel=DotProduct(sigma_0=1) + WhiteKernel(noise_level=1)),ei
8,sockets,master,static,#pragma omp parallel for,#pragma unroll,#pragma omp for,MPI_Barrier(MPI_COMM_WORLD);,-2.639816030325446,False,1,"GaussianProcessRegressor(kernel=Matern(length_scale=1, nu=1.5))",ei
256,cores,close,dynamic, ,#pragma unroll,#pragma omp for, ,-6.286973439193052,False,1,GaussianProcessRegressor(kernel=DotProduct(sigma_0=1) + WhiteKernel(noise_level=1)),ei
256,cores,close,dynamic, , ,#pragma omp for, ,-6.192120769904971,False,1,GaussianProcessRegressor(kernel=DotProduct(sigma_0=1) + WhiteKernel(noise_level=1)),ei
192,cores,close,dynamic,#pragma omp parallel for,#pragma unroll,#pragma omp for,MPI_Barrier(MPI_COMM_WORLD);,-6.219908071755036,False,1,GaussianProcessRegressor(kernel=DotProduct(sigma_0=1) + WhiteKernel(noise_level=1)),ei
48,threads,master,dynamic,#pragma omp parallel for, ,#pragma omp for nowait, ,-7.716359999999999,True,0,"GaussianProcessRegressor(kernel=Matern(length_scale=1, nu=1.5))",ei
48,cores,master,dynamic,#pragma omp parallel for, ,#pragma omp for,MPI_Barrier(MPI_COMM_WORLD);,-11.795023333333333,True,0,"GaussianProcessRegressor(kernel=Matern(length_scale=1, nu=1.5))",ei
48,sockets,master,dynamic,#pragma omp parallel for, ,#pragma omp for,MPI_Barrier(MPI_COMM_WORLD);,-9.808953333333333,True,0,"GaussianProcessRegressor(kernel=Matern(length_scale=1, nu=1.5))",ei
96,sockets,master,static, , ,#pragma omp for, ,-7.52336,True,0,"GaussianProcessRegressor(kernel=Matern(length_scale=1, nu=1.5))",ei
8,cores,master,dynamic, ,#pragma unroll,#pragma omp for, ,-14.293903333333333,True,0,"GaussianProcessRegressor(kernel=Matern(length_scale=1, nu=1.5))",ei
96,cores,close,dynamic,#pragma omp parallel for, ,#pragma omp for,MPI_Barrier(MPI_COMM_WORLD);,-7.916149999999999,True,0,GaussianProcessRegressor(kernel=DotProduct(sigma_0=1) + WhiteKernel(noise_level=1)),ei
256,sockets,close,static,#pragma omp parallel for,#pragma unroll (6),#pragma omp for, ,-8.437506666666666,True,0,GaussianProcessRegressor(kernel=DotProduct(sigma_0=1) + WhiteKernel(noise_level=1)),ei
256,threads,close,dynamic,#pragma omp parallel for,#pragma unroll (6),#pragma omp for,MPI_Barrier(MPI_COMM_WORLD);,-8.541953333333332,True,0,GaussianProcessRegressor(kernel=DotProduct(sigma_0=1) + WhiteKernel(noise_level=1)),ei
192,cores,close,static,#pragma omp parallel for, ,#pragma omp for,MPI_Barrier(MPI_COMM_WORLD);,-8.126733333333332,True,0,GaussianProcessRegressor(kernel=DotProduct(sigma_0=1) + WhiteKernel(noise_level=1)),ei
256,cores,close,dynamic,#pragma omp parallel for, ,#pragma omp for nowait,MPI_Barrier(MPI_COMM_WORLD);,-8.558786666666666,True,0,GaussianProcessRegressor(kernel=DotProduct(sigma_0=1) + WhiteKernel(noise_level=1)),ei
192,sockets,close,dynamic, , ,#pragma omp for, ,-6.526679558167025,False,1,GaussianProcessRegressor(kernel=DotProduct(sigma_0=1) + WhiteKernel(noise_level=1)),ei
128,sockets,close,dynamic,#pragma omp parallel for, ,#pragma omp for,MPI_Barrier(MPI_COMM_WORLD);,-6.513699857099106,False,1,GaussianProcessRegressor(kernel=DotProduct(sigma_0=1) + WhiteKernel(noise_level=1)),ei
48,cores,spread,dynamic,#pragma omp parallel for, ,#pragma omp for nowait, ,-0.7664535484222681,False,1,"GaussianProcessRegressor(kernel=Matern(length_scale=1, nu=1.5))",ei
16,sockets,close,dynamic,#pragma omp parallel for,#pragma unroll,#pragma omp for nowait, ,-2.5540118534117937,False,1,"GaussianProcessRegressor(kernel=Matern(length_scale=1, nu=1.5))",ei
192,sockets,close,dynamic, , ,#pragma omp for, ,-6.526586769648344,False,1,GaussianProcessRegressor(kernel=DotProduct(sigma_0=1) + WhiteKernel(noise_level=1)),ei
96,threads,close,static, , ,#pragma omp for nowait,MPI_Barrier(MPI_COMM_WORLD);,-0.023827875611743668,False,1,"GaussianProcessRegressor(kernel=Matern(length_scale=1, nu=1.5))",ei
256,sockets,close,dynamic,#pragma omp parallel for, ,#pragma omp for nowait, ,-6.294314365611047,False,1,GaussianProcessRegressor(kernel=DotProduct(sigma_0=1) + WhiteKernel(noise_level=1)),ei
192,threads,close,dynamic,#pragma omp parallel for, ,#pragma omp for nowait, ,-8.38837,True,0,GaussianProcessRegressor(kernel=DotProduct(sigma_0=1) + WhiteKernel(noise_level=1)),ei
256,sockets,close,dynamic, , ,#pragma omp for nowait, ,-7.574159999999999,True,0,GaussianProcessRegressor(kernel=DotProduct(sigma_0=1) + WhiteKernel(noise_level=1)),ei
256,cores,close,dynamic,#pragma omp parallel for, ,#pragma omp for nowait, ,-11.829083333333335,True,0,GaussianProcessRegressor(kernel=DotProduct(sigma_0=1) + WhiteKernel(noise_level=1)),ei
2,sockets,close,dynamic,#pragma omp parallel for, ,#pragma omp for,MPI_Barrier(MPI_COMM_WORLD);,-12.4306,True,0,GaussianProcessRegressor(kernel=DotProduct(sigma_0=1) + WhiteKernel(noise_level=1)),ei
256,cores,close,static, ,#pragma unroll,#pragma omp for nowait, ,-9.609513333333334,True,0,GaussianProcessRegressor(kernel=DotProduct(sigma_0=1) + WhiteKernel(noise_level=1)),ei
64,sockets,close,dynamic,#pragma omp parallel for,#pragma unroll,#pragma omp for,MPI_Barrier(MPI_COMM_WORLD);,-6.326686236844474,False,1,GaussianProcessRegressor(kernel=DotProduct(sigma_0=1) + WhiteKernel(noise_level=1)),ei
32,sockets,close,static, ,#pragma unroll,#pragma omp for nowait,MPI_Barrier(MPI_COMM_WORLD);,-2.496539779118418,False,1,"GaussianProcessRegressor(kernel=Matern(length_scale=1, nu=1.5))",ei
256,cores,close,static, , ,#pragma omp for nowait, ,-6.594823927786635,False,1,GaussianProcessRegressor(kernel=DotProduct(sigma_0=1) + WhiteKernel(noise_level=1)),ei
4,threads,close,static, , ,#pragma omp for nowait,MPI_Barrier(MPI_COMM_WORLD);,0.0,False,1,"GaussianProcessRegressor(kernel=Matern(length_scale=1, nu=1.5))",ei
32,cores,close,static,#pragma omp parallel for,#pragma unroll,#pragma omp for nowait,MPI_Barrier(MPI_COMM_WORLD);,-2.514211861076463,False,1,"GaussianProcessRegressor(kernel=Matern(length_scale=1, nu=1.5))",ei
192,sockets,close,dynamic, ,#pragma unroll,#pragma omp for nowait,MPI_Barrier(MPI_COMM_WORLD);,-6.5050174358201,False,1,GaussianProcessRegressor(kernel=DotProduct(sigma_0=1) + WhiteKernel(noise_level=1)),ei
16,cores,close,static, , ,#pragma omp for nowait,MPI_Barrier(MPI_COMM_WORLD);,-13.416933333333333,True,0,GaussianProcessRegressor(kernel=DotProduct(sigma_0=1) + WhiteKernel(noise_level=1)),ei
192,threads,close,static, ,#pragma unroll,#pragma omp for nowait,MPI_Barrier(MPI_COMM_WORLD);,-14.433133333333332,True,0,GaussianProcessRegressor(kernel=DotProduct(sigma_0=1) + WhiteKernel(noise_level=1)),ei
4,sockets,close,static,#pragma omp parallel for, ,#pragma omp for, ,-14.394933333333334,True,0,GaussianProcessRegressor(kernel=DotProduct(sigma_0=1) + WhiteKernel(noise_level=1)),ei
64,cores,master,dynamic, ,#pragma unroll,#pragma omp for nowait,MPI_Barrier(MPI_COMM_WORLD);,-14.953366666666668,True,0,GaussianProcessRegressor(kernel=DotProduct(sigma_0=1) + WhiteKernel(noise_level=1)),ei
256,sockets,spread,static,#pragma omp parallel for, ,#pragma omp for nowait, ,-15.208666666666668,True,0,GaussianProcessRegressor(kernel=DotProduct(sigma_0=1) + WhiteKernel(noise_level=1)),ei
48,threads,master,static, , ,#pragma omp for nowait,MPI_Barrier(MPI_COMM_WORLD);,-2.12553194739585,False,1,"GaussianProcessRegressor(kernel=Matern(length_scale=1, nu=1.5))",ei
48,cores,master,static,#pragma omp parallel for,#pragma unroll,#pragma omp for, ,0.0,False,1,"GaussianProcessRegressor(kernel=Matern(length_scale=1, nu=1.5))",ei
48,cores,spread,dynamic, ,#pragma unroll,#pragma omp for nowait, ,0.0,False,1,"GaussianProcessRegressor(kernel=Matern(length_scale=1, nu=1.5))",ei
256,cores,close,dynamic,#pragma omp parallel for,#pragma unroll,#pragma omp for,MPI_Barrier(MPI_COMM_WORLD);,-6.586465540262324,False,1,GaussianProcessRegressor(kernel=DotProduct(sigma_0=1) + WhiteKernel(noise_level=1)),ei
96,cores,master,dynamic, ,#pragma unroll,#pragma omp for, ,-13.492199999999999,True,0,GaussianProcessRegressor(kernel=DotProduct(sigma_0=1) + WhiteKernel(noise_level=1)),ei
256,cores,master,static,#pragma omp parallel for,#pragma unroll,#pragma omp for nowait,MPI_Barrier(MPI_COMM_WORLD);,-14.758000000000001,True,0,GaussianProcessRegressor(kernel=DotProduct(sigma_0=1) + WhiteKernel(noise_level=1)),ei
64,cores,close,dynamic,#pragma omp parallel for, ,#pragma omp for,MPI_Barrier(MPI_COMM_WORLD);,-15.167166666666667,True,0,GaussianProcessRegressor(kernel=DotProduct(sigma_0=1) + WhiteKernel(noise_level=1)),ei
256,sockets,spread,dynamic, , ,#pragma omp for nowait, ,-15.5174,True,0,GaussianProcessRegressor(kernel=DotProduct(sigma_0=1) + WhiteKernel(noise_level=1)),ei
64,cores,master,static,#pragma omp parallel for,#pragma unroll,#pragma omp for,MPI_Barrier(MPI_COMM_WORLD);,-14.7846,True,0,GaussianProcessRegressor(kernel=DotProduct(sigma_0=1) + WhiteKernel(noise_level=1)),ei
256,threads,spread,dynamic, , ,#pragma omp for nowait, ,-6.752081731609035,False,1,GaussianProcessRegressor(kernel=DotProduct(sigma_0=1) + WhiteKernel(noise_level=1)),ei
256,cores,close,dynamic, , ,#pragma omp for, ,-6.72093805342688,False,1,GaussianProcessRegressor(kernel=DotProduct(sigma_0=1) + WhiteKernel(noise_level=1)),ei
256,cores,close,dynamic, ,#pragma unroll,#pragma omp for nowait,MPI_Barrier(MPI_COMM_WORLD);,-6.659788930096951,False,1,GaussianProcessRegressor(kernel=DotProduct(sigma_0=1) + WhiteKernel(noise_level=1)),ei
256,threads,close,dynamic, , ,#pragma omp for nowait, ,-6.726441823338341,False,1,GaussianProcessRegressor(kernel=DotProduct(sigma_0=1) + WhiteKernel(noise_level=1)),ei
48,sockets,spread,dynamic,#pragma omp parallel for,#pragma unroll (6),#pragma omp for,MPI_Barrier(MPI_COMM_WORLD);,-15.230166666666667,True,0,"GaussianProcessRegressor(kernel=Matern(length_scale=1, nu=1.5))",ei
4,threads,master,dynamic, ,#pragma unroll (6),#pragma omp for nowait, ,-13.655533333333333,True,0,"GaussianProcessRegressor(kernel=Matern(length_scale=1, nu=1.5))",ei
128,cores,master,dynamic, , ,#pragma omp for, ,-15.048666666666668,True,0,"GaussianProcessRegressor(kernel=Matern(length_scale=1, nu=1.5))",ei
32,threads,close,dynamic, ,#pragma unroll,#pragma omp for nowait, ,-13.634666666666668,True,0,"GaussianProcessRegressor(kernel=Matern(length_scale=1, nu=1.5))",ei
8,sockets,close,dynamic,#pragma omp parallel for,#pragma unroll,#pragma omp for,MPI_Barrier(MPI_COMM_WORLD);,-14.407333333333334,True,0,"GaussianProcessRegressor(kernel=Matern(length_scale=1, nu=1.5))",ei
256,sockets,close,dynamic, ,#pragma unroll,#pragma omp for nowait, ,-9.69775,True,0,GaussianProcessRegressor(kernel=DotProduct(sigma_0=1) + WhiteKernel(noise_level=1)),ei
256,cores,master,static,#pragma omp parallel for, ,#pragma omp for nowait, ,-9.255256666666666,True,0,GaussianProcessRegressor(kernel=DotProduct(sigma_0=1) + WhiteKernel(noise_level=1)),ei
256,cores,close,static, , ,#pragma omp for nowait,MPI_Barrier(MPI_COMM_WORLD);,-7.568653333333334,True,0,GaussianProcessRegressor(kernel=DotProduct(sigma_0=1) + WhiteKernel(noise_level=1)),ei
256,cores,master,static,#pragma omp parallel for, ,#pragma omp for nowait, ,-11.932496666666665,True,0,GaussianProcessRegressor(kernel=DotProduct(sigma_0=1) + WhiteKernel(noise_level=1)),ei
256,cores,close,static, , ,#pragma omp for,MPI_Barrier(MPI_COMM_WORLD);,-7.456143333333333,True,0,GaussianProcessRegressor(kernel=DotProduct(sigma_0=1) + WhiteKernel(noise_level=1)),ei
192,cores,close,dynamic, , ,#pragma omp for nowait, ,-6.720954080567058,False,1,GaussianProcessRegressor(kernel=DotProduct(sigma_0=1) + WhiteKernel(noise_level=1)),ei
256,cores,close,static,#pragma omp parallel for, ,#pragma omp for, ,-6.830313019839908,False,1,GaussianProcessRegressor(kernel=DotProduct(sigma_0=1) + WhiteKernel(noise_level=1)),ei
48,cores,close,static,#pragma omp parallel for, ,#pragma omp for,MPI_Barrier(MPI_COMM_WORLD);,-6.8288711021213455,False,1,GaussianProcessRegressor(kernel=DotProduct(sigma_0=1) + WhiteKernel(noise_level=1)),ei
256,cores,close,static, , ,#pragma omp for,MPI_Barrier(MPI_COMM_WORLD);,-6.809043373847784,False,1,GaussianProcessRegressor(kernel=DotProduct(sigma_0=1) + WhiteKernel(noise_level=1)),ei
128,cores,close,static,#pragma omp parallel for, ,#pragma omp for,MPI_Barrier(MPI_COMM_WORLD);,-6.787619575348398,False,1,GaussianProcessRegressor(kernel=DotProduct(sigma_0=1) + WhiteKernel(noise_level=1)),ei
48,cores,master,dynamic,#pragma omp parallel for, ,#pragma omp for nowait, ,-1.0436672652622196,False,1,"GaussianProcessRegressor(kernel=Matern(length_scale=1, nu=1.5))",ei
128,cores,close,static,#pragma omp parallel for, ,#pragma omp for,MPI_Barrier(MPI_COMM_WORLD);,-6.787595989324615,False,1,GaussianProcessRegressor(kernel=DotProduct(sigma_0=1) + WhiteKernel(noise_level=1)),ei
256,cores,close,static,#pragma omp parallel for, ,#pragma omp for,MPI_Barrier(MPI_COMM_WORLD);,-17.4367,True,0,GaussianProcessRegressor(kernel=DotProduct(sigma_0=1) + WhiteKernel(noise_level=1)),ei
96,cores,master,dynamic,#pragma omp parallel for, ,#pragma omp for nowait, ,-15.113219999999998,True,0,GaussianProcessRegressor(kernel=DotProduct(sigma_0=1) + WhiteKernel(noise_level=1)),ei
192,cores,close,dynamic, , ,#pragma omp for nowait,MPI_Barrier(MPI_COMM_WORLD);,-7.58692,True,0,GaussianProcessRegressor(kernel=DotProduct(sigma_0=1) + WhiteKernel(noise_level=1)),ei
256,cores,master,dynamic, , ,#pragma omp for nowait,MPI_Barrier(MPI_COMM_WORLD);,-7.606873333333333,True,0,GaussianProcessRegressor(kernel=DotProduct(sigma_0=1) + WhiteKernel(noise_level=1)),ei
192,cores,close,dynamic, , ,#pragma omp for nowait,MPI_Barrier(MPI_COMM_WORLD);,-7.651536666666668,True,0,GaussianProcessRegressor(kernel=DotProduct(sigma_0=1) + WhiteKernel(noise_level=1)),ei
96,cores,close,static,#pragma omp parallel for,#pragma unroll,#pragma omp for nowait, ,-2.2427686667728373,False,1,"GaussianProcessRegressor(kernel=Matern(length_scale=1, nu=1.5))",ei
192,cores,master,static, , ,#pragma omp for nowait,MPI_Barrier(MPI_COMM_WORLD);,-7.084075230093999,False,1,GaussianProcessRegressor(kernel=DotProduct(sigma_0=1) + WhiteKernel(noise_level=1)),ei
192,cores,spread,static,#pragma omp parallel for, ,#pragma omp for nowait, ,-6.965401251784866,False,1,GaussianProcessRegressor(kernel=DotProduct(sigma_0=1) + WhiteKernel(noise_level=1)),ei
64,cores,close,static,#pragma omp parallel for, ,#pragma omp for nowait, ,-6.978904377525948,False,1,GaussianProcessRegressor(kernel=DotProduct(sigma_0=1) + WhiteKernel(noise_level=1)),ei
64,cores,master,dynamic, ,#pragma unroll,#pragma omp for, ,-7.085760910071617,False,1,GaussianProcessRegressor(kernel=RBF(length_scale=1)),ei
96,sockets,master,static, ,#pragma unroll,#pragma omp for nowait, ,-1.227243243364107,False,1,"GaussianProcessRegressor(kernel=Matern(length_scale=1, nu=1.5))",ei
64,cores,close,static,#pragma omp parallel for, ,#pragma omp for nowait, ,-6.978931597680005,False,1,GaussianProcessRegressor(kernel=DotProduct(sigma_0=1) + WhiteKernel(noise_level=1)),ei
256,cores,master,static,#pragma omp parallel for,#pragma unroll,#pragma omp for nowait, ,-8.603146666666667,True,0,GaussianProcessRegressor(kernel=DotProduct(sigma_0=1) + WhiteKernel(noise_level=1)),ei
128,cores,close,static,#pragma omp parallel for, ,#pragma omp for nowait, ,-7.96829,True,0,GaussianProcessRegressor(kernel=DotProduct(sigma_0=1) + WhiteKernel(noise_level=1)),ei
192,cores,master,static,#pragma omp parallel for,#pragma unroll,#pragma omp for nowait, ,-8.32629,True,0,GaussianProcessRegressor(kernel=DotProduct(sigma_0=1) + WhiteKernel(noise_level=1)),ei
16,cores,close,static, , ,#pragma omp for nowait, ,-7.574396666666668,True,0,GaussianProcessRegressor(kernel=DotProduct(sigma_0=1) + WhiteKernel(noise_level=1)),ei
256,cores,spread,static, , ,#pragma omp for nowait, ,-7.6838533333333325,True,0,GaussianProcessRegressor(kernel=DotProduct(sigma_0=1) + WhiteKernel(noise_level=1)),ei
256,cores,close,static,#pragma omp parallel for, ,#pragma omp for nowait, ,-7.022057351630068,False,1,GaussianProcessRegressor(kernel=DotProduct(sigma_0=1) + WhiteKernel(noise_level=1)),ei
48,cores,master,static, , ,#pragma omp for nowait, ,-7.046446572229383,False,1,GaussianProcessRegressor(kernel=DotProduct(sigma_0=1) + WhiteKernel(noise_level=1)),ei
256,cores,close,static,#pragma omp parallel for, ,#pragma omp for nowait,MPI_Barrier(MPI_COMM_WORLD);,-6.734582988103828,False,1,GaussianProcessRegressor(kernel=DotProduct(sigma_0=1) + WhiteKernel(noise_level=1)),ei
256,cores,spread,static,#pragma omp parallel for, ,#pragma omp for nowait, ,-7.027176717828658,False,1,GaussianProcessRegressor(kernel=DotProduct(sigma_0=1) + WhiteKernel(noise_level=1)),ei
256,cores,master,static, , ,#pragma omp for nowait, ,-7.023260906303426,False,1,GaussianProcessRegressor(kernel=DotProduct(sigma_0=1) + WhiteKernel(noise_level=1)),ei
192,cores,close,static,#pragma omp parallel for, ,#pragma omp for nowait, ,-7.0190356012784925,False,1,GaussianProcessRegressor(kernel=DotProduct(sigma_0=1) + WhiteKernel(noise_level=1)),ei
192,cores,close,static, ,#pragma unroll (6),#pragma omp for nowait, ,-7.030913903031782,False,1,GaussianProcessRegressor(kernel=DotProduct(sigma_0=1) + WhiteKernel(noise_level=1)),ei
128,cores,master,dynamic,#pragma omp parallel for,#pragma unroll (6),#pragma omp for, ,-6.407478988573908,False,1,GaussianProcessRegressor(kernel=DotProduct(sigma_0=1) + WhiteKernel(noise_level=1)),ei
64,sockets,close,static,#pragma omp parallel for,#pragma unroll,#pragma omp for nowait, ,-7.809606666666667,True,0,GaussianProcessRegressor(kernel=DotProduct(sigma_0=1) + WhiteKernel(noise_level=1)),ei
2,sockets,master,static, , ,#pragma omp for, ,-7.480956666666667,True,0,GaussianProcessRegressor(kernel=DotProduct(sigma_0=1) + WhiteKernel(noise_level=1)),ei
256,sockets,close,static,#pragma omp parallel for,#pragma unroll,#pragma omp for nowait, ,-8.44412,True,0,GaussianProcessRegressor(kernel=DotProduct(sigma_0=1) + WhiteKernel(noise_level=1)),ei
256,sockets,master,static, ,#pragma unroll,#pragma omp for, ,-7.594246666666667,True,0,GaussianProcessRegressor(kernel=DotProduct(sigma_0=1) + WhiteKernel(noise_level=1)),ei
64,sockets,close,dynamic, , ,#pragma omp for nowait, ,-7.709176666666667,True,0,GaussianProcessRegressor(kernel=DotProduct(sigma_0=1) + WhiteKernel(noise_level=1)),ei
48,cores,close,static,#pragma omp parallel for,#pragma unroll,#pragma omp for, ,-1.9452598124527825,False,1,"GaussianProcessRegressor(kernel=Matern(length_scale=1, nu=1.5))",ei
256,cores,close,static, ,#pragma unroll (6),#pragma omp for nowait, ,-7.025393507749468,False,1,GaussianProcessRegressor(kernel=DotProduct(sigma_0=1) + WhiteKernel(noise_level=1)),ei
256,cores,close,static, ,#pragma unroll,#pragma omp for nowait, ,-6.969868769613511,False,1,GaussianProcessRegressor(kernel=DotProduct(sigma_0=1) + WhiteKernel(noise_level=1)),ei
256,cores,close,static,#pragma omp parallel for,#pragma unroll,#pragma omp for nowait, ,-6.9379587604603365,False,1,GaussianProcessRegressor(kernel=DotProduct(sigma_0=1) + WhiteKernel(noise_level=1)),ei
128,cores,close,static,#pragma omp parallel for,#pragma unroll,#pragma omp for nowait, ,-6.9486468166425,False,1,GaussianProcessRegressor(kernel=DotProduct(sigma_0=1) + WhiteKernel(noise_level=1)),ei
128,cores,close,static,#pragma omp parallel for,#pragma unroll,#pragma omp for, ,-6.973990766518059,False,1,GaussianProcessRegressor(kernel=DotProduct(sigma_0=1) + WhiteKernel(noise_level=1)),ei
256,cores,spread,static, , ,#pragma omp for,MPI_Barrier(MPI_COMM_WORLD);,0.0,False,1,"GaussianProcessRegressor(kernel=Matern(length_scale=1, nu=1.5))",ei
128,cores,spread,static,#pragma omp parallel for,#pragma unroll,#pragma omp for nowait, ,-6.967240207684492,False,1,GaussianProcessRegressor(kernel=DotProduct(sigma_0=1) + WhiteKernel(noise_level=1)),ei
192,cores,close,static, ,#pragma unroll (6),#pragma omp for, ,-7.672236666666667,True,0,GaussianProcessRegressor(kernel=DotProduct(sigma_0=1) + WhiteKernel(noise_level=1)),ei
192,cores,close,static, ,#pragma unroll,#pragma omp for, ,-7.657616666666667,True,0,GaussianProcessRegressor(kernel=DotProduct(sigma_0=1) + WhiteKernel(noise_level=1)),ei
256,cores,master,static, ,#pragma unroll (6),#pragma omp for,MPI_Barrier(MPI_COMM_WORLD);,-7.683016666666666,True,0,GaussianProcessRegressor(kernel=DotProduct(sigma_0=1) + WhiteKernel(noise_level=1)),ei
256,cores,close,static, , ,#pragma omp for, ,-7.6357566666666665,True,0,GaussianProcessRegressor(kernel=DotProduct(sigma_0=1) + WhiteKernel(noise_level=1)),ei
256,cores,master,static, ,#pragma unroll,#pragma omp for, ,-7.687539999999999,True,0,GaussianProcessRegressor(kernel=DotProduct(sigma_0=1) + WhiteKernel(noise_level=1)),ei
2,cores,close,static,#pragma omp parallel for, ,#pragma omp for,MPI_Barrier(MPI_COMM_WORLD);,0.0,False,1,"GaussianProcessRegressor(kernel=Matern(length_scale=1, nu=1.5))",ei
256,cores,close,static, , ,#pragma omp for nowait, ,-6.95129286095367,False,1,GaussianProcessRegressor(kernel=DotProduct(sigma_0=1) + WhiteKernel(noise_level=1)),ei
64,sockets,master,static, , ,#pragma omp for, ,-7.238192075234252,False,1,GaussianProcessRegressor(kernel=DotProduct(sigma_0=1) + WhiteKernel(noise_level=1)),ei
64,cores,close,static,#pragma omp parallel for, ,#pragma omp for, ,-6.8224356506358586,False,1,GaussianProcessRegressor(kernel=DotProduct(sigma_0=1) + WhiteKernel(noise_level=1)),ei
8,cores,close,static,#pragma omp parallel for, ,#pragma omp for,MPI_Barrier(MPI_COMM_WORLD);,-6.803533005991576,False,1,GaussianProcessRegressor(kernel=DotProduct(sigma_0=1) + WhiteKernel(noise_level=1)),ei
2,cores,close,static,#pragma omp parallel for, ,#pragma omp for,MPI_Barrier(MPI_COMM_WORLD);,-6.797110115406021,False,1,GaussianProcessRegressor(kernel=DotProduct(sigma_0=1) + WhiteKernel(noise_level=1)),ei
96,sockets,master,static,#pragma omp parallel for,#pragma unroll,#pragma omp for, ,-0.21382843325208858,False,1,"GaussianProcessRegressor(kernel=Matern(length_scale=1, nu=1.5))",ei
48,cores,spread,static,#pragma omp parallel for,#pragma unroll,#pragma omp for, ,-1.6298430806010487,False,1,"GaussianProcessRegressor(kernel=Matern(length_scale=1, nu=1.5))",ei
96,cores,spread,dynamic, , ,#pragma omp for, ,0.0,False,1,"GaussianProcessRegressor(kernel=Matern(length_scale=1, nu=1.5))",ei
16,sockets,master,static, ,#pragma unroll,#pragma omp for nowait,MPI_Barrier(MPI_COMM_WORLD);,-7.596356666666666,True,0,"GaussianProcessRegressor(kernel=Matern(length_scale=1, nu=1.5))",ei
96,sockets,master,static,#pragma omp parallel for,#pragma unroll,#pragma omp for nowait,MPI_Barrier(MPI_COMM_WORLD);,-7.939896666666667,True,0,"GaussianProcessRegressor(kernel=Matern(length_scale=1, nu=1.5))",ei
32,sockets,close,static,#pragma omp parallel for,#pragma unroll,#pragma omp for,MPI_Barrier(MPI_COMM_WORLD);,-7.6686966666666665,True,0,"GaussianProcessRegressor(kernel=Matern(length_scale=1, nu=1.5))",ei
96,cores,close,dynamic, , ,#pragma omp for, ,-7.640506666666667,True,0,"GaussianProcessRegressor(kernel=Matern(length_scale=1, nu=1.5))",ei
48,cores,close,static, ,#pragma unroll,#pragma omp for nowait, ,-7.643643333333333,True,0,"GaussianProcessRegressor(kernel=Matern(length_scale=1, nu=1.5))",ei
256,cores,close,static,#pragma omp parallel for, ,#pragma omp for,MPI_Barrier(MPI_COMM_WORLD);,-6.82615678240815,False,1,GaussianProcessRegressor(kernel=DotProduct(sigma_0=1) + WhiteKernel(noise_level=1)),ei
96,sockets,master,static,#pragma omp parallel for, ,#pragma omp for nowait,MPI_Barrier(MPI_COMM_WORLD);,-3.1176401149316266,False,1,"GaussianProcessRegressor(kernel=Matern(length_scale=1, nu=1.5))",ei
64,cores,close,static, ,#pragma unroll,#pragma omp for,MPI_Barrier(MPI_COMM_WORLD);,-7.56365,True,0,GaussianProcessRegressor(kernel=DotProduct(sigma_0=1) + WhiteKernel(noise_level=1)),ei
64,cores,master,static,#pragma omp parallel for, ,#pragma omp for,MPI_Barrier(MPI_COMM_WORLD);,-7.7431633333333325,True,0,GaussianProcessRegressor(kernel=DotProduct(sigma_0=1) + WhiteKernel(noise_level=1)),ei
2,sockets,master,static,#pragma omp parallel for, ,#pragma omp for, ,-11.6669,True,0,GaussianProcessRegressor(kernel=DotProduct(sigma_0=1) + WhiteKernel(noise_level=1)),ei
2,cores,close,static,#pragma omp parallel for,#pragma unroll,#pragma omp for, ,-11.554766666666666,True,0,GaussianProcessRegressor(kernel=DotProduct(sigma_0=1) + WhiteKernel(noise_level=1)),ei
256,cores,close,static,#pragma omp parallel for,#pragma unroll,#pragma omp for, ,-8.34299,True,0,GaussianProcessRegressor(kernel=DotProduct(sigma_0=1) + WhiteKernel(noise_level=1)),ei
64,cores,master,static,#pragma omp parallel for, ,#pragma omp for, ,-6.6777957710837255,False,1,GaussianProcessRegressor(kernel=DotProduct(sigma_0=1) + WhiteKernel(noise_level=1)),ei
48,cores,spread,static,#pragma omp parallel for,#pragma unroll,#pragma omp for nowait,MPI_Barrier(MPI_COMM_WORLD);,-2.8125533265024636,False,1,"GaussianProcessRegressor(kernel=Matern(length_scale=1, nu=1.5))",ei
16,sockets,close,dynamic,#pragma omp parallel for, ,#pragma omp for nowait,MPI_Barrier(MPI_COMM_WORLD);,-0.024712874624612333,False,1,GaussianProcessRegressor(kernel=RBF(length_scale=1)),ei
48,cores,close,dynamic,#pragma omp parallel for,#pragma unroll,#pragma omp for, ,-2.066164376654392,False,1,"GaussianProcessRegressor(kernel=Matern(length_scale=1, nu=1.5))",ei
48,threads,master,static,#pragma omp parallel for,#pragma unroll,#pragma omp for, ,-2.5227855637717775,False,1,"GaussianProcessRegressor(kernel=Matern(length_scale=1, nu=1.5))",ei
256,cores,spread,static,#pragma omp parallel for, ,#pragma omp for, ,-6.791051560034095,False,1,GaussianProcessRegressor(kernel=DotProduct(sigma_0=1) + WhiteKernel(noise_level=1)),ei
256,sockets,master,static, , ,#pragma omp for,MPI_Barrier(MPI_COMM_WORLD);,-7.610723333333333,True,0,GaussianProcessRegressor(kernel=DotProduct(sigma_0=1) + WhiteKernel(noise_level=1)),ei
64,cores,master,static,#pragma omp parallel for,#pragma unroll,#pragma omp for,MPI_Barrier(MPI_COMM_WORLD);,-7.790676666666667,True,0,GaussianProcessRegressor(kernel=DotProduct(sigma_0=1) + WhiteKernel(noise_level=1)),ei
256,sockets,master,static,#pragma omp parallel for,#pragma unroll,#pragma omp for,MPI_Barrier(MPI_COMM_WORLD);,-16.103733333333334,True,0,GaussianProcessRegressor(kernel=DotProduct(sigma_0=1) + WhiteKernel(noise_level=1)),ei
64,cores,close,static,#pragma omp parallel for,#pragma unroll,#pragma omp for, ,-15.737866666666667,True,0,GaussianProcessRegressor(kernel=DotProduct(sigma_0=1) + WhiteKernel(noise_level=1)),ei
64,cores,close,dynamic, , ,#pragma omp for nowait,MPI_Barrier(MPI_COMM_WORLD);,-14.051733333333333,True,0,GaussianProcessRegressor(kernel=DotProduct(sigma_0=1) + WhiteKernel(noise_level=1)),ei
256,cores,spread,static,#pragma omp parallel for,#pragma unroll,#pragma omp for,MPI_Barrier(MPI_COMM_WORLD);,-6.725452811813098,False,1,GaussianProcessRegressor(kernel=DotProduct(sigma_0=1) + WhiteKernel(noise_level=1)),ei
256,threads,master,static,#pragma omp parallel for, ,#pragma omp for nowait, ,-6.869495430325051,False,1,GaussianProcessRegressor(kernel=DotProduct(sigma_0=1) + WhiteKernel(noise_level=1)),ei
256,cores,close,static,#pragma omp parallel for, ,#pragma omp for nowait, ,-6.8135007887487085,False,1,GaussianProcessRegressor(kernel=DotProduct(sigma_0=1) + WhiteKernel(noise_level=1)),ei
256,cores,master,static,#pragma omp parallel for, ,#pragma omp for, ,-6.825917687228664,False,1,GaussianProcessRegressor(kernel=DotProduct(sigma_0=1) + WhiteKernel(noise_level=1)),ei
32,sockets,master,static, , ,#pragma omp for,MPI_Barrier(MPI_COMM_WORLD);,-3.150257958808196,False,1,"GaussianProcessRegressor(kernel=Matern(length_scale=1, nu=1.5))",ei
256,cores,master,static,#pragma omp parallel for, ,#pragma omp for nowait,MPI_Barrier(MPI_COMM_WORLD);,-11.358573333333332,True,0,GaussianProcessRegressor(kernel=DotProduct(sigma_0=1) + WhiteKernel(noise_level=1)),ei
256,sockets,master,static,#pragma omp parallel for, ,#pragma omp for, ,-8.58932,True,0,GaussianProcessRegressor(kernel=DotProduct(sigma_0=1) + WhiteKernel(noise_level=1)),ei
256,sockets,master,static, , ,#pragma omp for, ,-7.617723333333333,True,0,GaussianProcessRegressor(kernel=DotProduct(sigma_0=1) + WhiteKernel(noise_level=1)),ei
256,sockets,close,static,#pragma omp parallel for, ,#pragma omp for,MPI_Barrier(MPI_COMM_WORLD);,-19.1224,True,0,GaussianProcessRegressor(kernel=DotProduct(sigma_0=1) + WhiteKernel(noise_level=1)),ei
64,cores,master,dynamic, ,#pragma unroll,#pragma omp for nowait, ,-8.363643333333334,True,0,GaussianProcessRegressor(kernel=DotProduct(sigma_0=1) + WhiteKernel(noise_level=1)),ei
256,cores,master,dynamic, ,#pragma unroll,#pragma omp for nowait,MPI_Barrier(MPI_COMM_WORLD);,-7.042622710551654,False,1,GaussianProcessRegressor(kernel=DotProduct(sigma_0=1) + WhiteKernel(noise_level=1)),ei
256,cores,close,static,#pragma omp parallel for, ,#pragma omp for,MPI_Barrier(MPI_COMM_WORLD);,-6.858720206374471,False,1,GaussianProcessRegressor(kernel=DotProduct(sigma_0=1) + WhiteKernel(noise_level=1)),ei
192,cores,master,dynamic, ,#pragma unroll (6),#pragma omp for nowait, ,-6.953721722592855,False,1,GaussianProcessRegressor(kernel=DotProduct(sigma_0=1) + WhiteKernel(noise_level=1)),ei
48,cores,master,static, , ,#pragma omp for nowait, ,-6.956974513531049,False,1,GaussianProcessRegressor(kernel=DotProduct(sigma_0=1) + WhiteKernel(noise_level=1)),ei
256,cores,master,static, , ,#pragma omp for nowait, ,-6.9243763831792275,False,1,GaussianProcessRegressor(kernel=DotProduct(sigma_0=1) + WhiteKernel(noise_level=1)),ei
256,cores,master,dynamic, ,#pragma unroll,#pragma omp for nowait, ,-6.959178377507993,False,1,GaussianProcessRegressor(kernel=DotProduct(sigma_0=1) + WhiteKernel(noise_level=1)),ei
256,cores,master,dynamic,#pragma omp parallel for, ,#pragma omp for nowait, ,-6.949863981247608,False,1,GaussianProcessRegressor(kernel=DotProduct(sigma_0=1) + WhiteKernel(noise_level=1)),ei
256,cores,spread,static, , ,#pragma omp for nowait, ,-7.553136666666667,True,0,GaussianProcessRegressor(kernel=DotProduct(sigma_0=1) + WhiteKernel(noise_level=1)),ei
128,cores,master,static, , ,#pragma omp for nowait, ,-7.5754366666666675,True,0,GaussianProcessRegressor(kernel=DotProduct(sigma_0=1) + WhiteKernel(noise_level=1)),ei
256,cores,master,dynamic, , ,#pragma omp for nowait, ,-7.617446666666666,True,0,GaussianProcessRegressor(kernel=DotProduct(sigma_0=1) + WhiteKernel(noise_level=1)),ei
256,cores,master,static, , ,#pragma omp for nowait, ,-7.70928,True,0,GaussianProcessRegressor(kernel=DotProduct(sigma_0=1) + WhiteKernel(noise_level=1)),ei
256,cores,master,dynamic, ,#pragma unroll,#pragma omp for nowait, ,-10.135296666666667,True,0,GaussianProcessRegressor(kernel=DotProduct(sigma_0=1) + WhiteKernel(noise_level=1)),ei
64,cores,master,static, , ,#pragma omp for nowait, ,-7.003841736483935,False,1,GaussianProcessRegressor(kernel=DotProduct(sigma_0=1) + WhiteKernel(noise_level=1)),ei
256,cores,spread,static, , ,#pragma omp for,MPI_Barrier(MPI_COMM_WORLD);,0.0,False,1,"GaussianProcessRegressor(kernel=Matern(length_scale=1, nu=1.5))",ei
128,cores,master,static,#pragma omp parallel for, ,#pragma omp for nowait, ,-7.004799835267924,False,1,GaussianProcessRegressor(kernel=DotProduct(sigma_0=1) + WhiteKernel(noise_level=1)),ei
256,cores,spread,static, , ,#pragma omp for, ,-6.908233127433923,False,1,GaussianProcessRegressor(kernel=DotProduct(sigma_0=1) + WhiteKernel(noise_level=1)),ei
256,cores,master,static, , ,#pragma omp for,MPI_Barrier(MPI_COMM_WORLD);,-6.907241548894711,False,1,GaussianProcessRegressor(kernel=DotProduct(sigma_0=1) + WhiteKernel(noise_level=1)),ei
48,sockets,master,static, , ,#pragma omp for nowait,MPI_Barrier(MPI_COMM_WORLD);,-1.6970650634398832,False,1,"GaussianProcessRegressor(kernel=Matern(length_scale=1, nu=1.5))",ei
192,cores,spread,static, , ,#pragma omp for, ,-6.918488616752831,False,1,GaussianProcessRegressor(kernel=DotProduct(sigma_0=1) + WhiteKernel(noise_level=1)),ei
32,sockets,close,dynamic,#pragma omp parallel for, ,#pragma omp for nowait,MPI_Barrier(MPI_COMM_WORLD);,-1.71155984707656,False,1,"GaussianProcessRegressor(kernel=Matern(length_scale=1, nu=1.5))",ei
16,cores,close,static, ,#pragma unroll,#pragma omp for,MPI_Barrier(MPI_COMM_WORLD);,-13.721133333333334,True,0,"GaussianProcessRegressor(kernel=Matern(length_scale=1, nu=1.5))",ei
32,threads,master,static,#pragma omp parallel for, ,#pragma omp for, ,-14.7393,True,0,"GaussianProcessRegressor(kernel=Matern(length_scale=1, nu=1.5))",ei
16,sockets,close,dynamic, , ,#pragma omp for nowait,MPI_Barrier(MPI_COMM_WORLD);,-13.203466666666666,True,0,"GaussianProcessRegressor(kernel=Matern(length_scale=1, nu=1.5))",ei
96,sockets,master,static, ,#pragma unroll,#pragma omp for, ,-15.325833333333335,True,0,"GaussianProcessRegressor(kernel=Matern(length_scale=1, nu=1.5))",ei
48,cores,spread,dynamic, , ,#pragma omp for, ,-14.190866666666667,True,0,"GaussianProcessRegressor(kernel=Matern(length_scale=1, nu=1.5))",ei
256,cores,master,static, , ,#pragma omp for, ,-6.854120075859639,False,1,GaussianProcessRegressor(kernel=DotProduct(sigma_0=1) + WhiteKernel(noise_level=1)),ei
64,cores,master,static,#pragma omp parallel for, ,#pragma omp for nowait, ,-15.034,True,0,GaussianProcessRegressor(kernel=DotProduct(sigma_0=1) + WhiteKernel(noise_level=1)),ei
256,cores,spread,dynamic, ,#pragma unroll,#pragma omp for nowait,MPI_Barrier(MPI_COMM_WORLD);,-15.803433333333333,True,0,GaussianProcessRegressor(kernel=DotProduct(sigma_0=1) + WhiteKernel(noise_level=1)),ei
192,cores,master,static,#pragma omp parallel for, ,#pragma omp for nowait,MPI_Barrier(MPI_COMM_WORLD);,-12.519123333333333,True,0,GaussianProcessRegressor(kernel=DotProduct(sigma_0=1) + WhiteKernel(noise_level=1)),ei
64,cores,close,dynamic,#pragma omp parallel for, ,#pragma omp for nowait,MPI_Barrier(MPI_COMM_WORLD);,-19.171936666666667,True,0,GaussianProcessRegressor(kernel=DotProduct(sigma_0=1) + WhiteKernel(noise_level=1)),ei
256,sockets,master,static,#pragma omp parallel for,#pragma unroll,#pragma omp for, ,-8.567110000000001,True,0,GaussianProcessRegressor(kernel=DotProduct(sigma_0=1) + WhiteKernel(noise_level=1)),ei
192,cores,spread,static,#pragma omp parallel for, ,#pragma omp for nowait,MPI_Barrier(MPI_COMM_WORLD);,-6.846983920208993,False,1,GaussianProcessRegressor(kernel=DotProduct(sigma_0=1) + WhiteKernel(noise_level=1)),ei
256,sockets,master,static, , ,#pragma omp for,MPI_Barrier(MPI_COMM_WORLD);,-7.128000162691343,False,1,GaussianProcessRegressor(kernel=DotProduct(sigma_0=1) + WhiteKernel(noise_level=1)),ei
256,cores,close,static,#pragma omp parallel for, ,#pragma omp for, ,-7.043227205729657,False,1,GaussianProcessRegressor(kernel=DotProduct(sigma_0=1) + WhiteKernel(noise_level=1)),ei
256,sockets,spread,static,#pragma omp parallel for, ,#pragma omp for, ,-7.073102847894797,False,1,GaussianProcessRegressor(kernel=DotProduct(sigma_0=1) + WhiteKernel(noise_level=1)),ei
32,cores,master,dynamic, , ,#pragma omp for nowait, ,-0.3810004625558563,False,1,GaussianProcessRegressor(kernel=RBF(length_scale=1)),ei
96,sockets,close,static, , ,#pragma omp for nowait,MPI_Barrier(MPI_COMM_WORLD);,-7.6893899999999995,True,0,"GaussianProcessRegressor(kernel=Matern(length_scale=1, nu=1.5))",ei
96,threads,spread,static,#pragma omp parallel for, ,#pragma omp for, ,-7.833746666666666,True,0,"GaussianProcessRegressor(kernel=Matern(length_scale=1, nu=1.5))",ei
48,threads,close,static, , ,#pragma omp for,MPI_Barrier(MPI_COMM_WORLD);,-7.57758,True,0,"GaussianProcessRegressor(kernel=Matern(length_scale=1, nu=1.5))",ei
192,threads,spread,dynamic,#pragma omp parallel for,#pragma unroll,#pragma omp for,MPI_Barrier(MPI_COMM_WORLD);,-8.334226666666668,True,0,"GaussianProcessRegressor(kernel=Matern(length_scale=1, nu=1.5))",ei
48,cores,spread,dynamic, ,#pragma unroll,#pragma omp for nowait,MPI_Barrier(MPI_COMM_WORLD);,-7.742736666666667,True,0,"GaussianProcessRegressor(kernel=Matern(length_scale=1, nu=1.5))",ei
256,cores,spread,static,#pragma omp parallel for, ,#pragma omp for nowait, ,-8.584136666666668,True,0,GaussianProcessRegressor(kernel=DotProduct(sigma_0=1) + WhiteKernel(noise_level=1)),ei
256,threads,master,static, , ,#pragma omp for nowait, ,-7.621856666666667,True,0,GaussianProcessRegressor(kernel=DotProduct(sigma_0=1) + WhiteKernel(noise_level=1)),ei
256,cores,close,static, , ,#pragma omp for, ,-12.732199999999999,True,0,GaussianProcessRegressor(kernel=DotProduct(sigma_0=1) + WhiteKernel(noise_level=1)),ei
256,cores,master,static,#pragma omp parallel for, ,#pragma omp for nowait,MPI_Barrier(MPI_COMM_WORLD);,-8.472356666666668,True,0,GaussianProcessRegressor(kernel=DotProduct(sigma_0=1) + WhiteKernel(noise_level=1)),ei
256,cores,master,dynamic,#pragma omp parallel for, ,#pragma omp for nowait, ,-8.487976666666667,True,0,GaussianProcessRegressor(kernel=DotProduct(sigma_0=1) + WhiteKernel(noise_level=1)),ei
256,cores,master,dynamic, , ,#pragma omp for nowait, ,-7.115957988420956,False,1,GaussianProcessRegressor(kernel=DotProduct(sigma_0=1) + WhiteKernel(noise_level=1)),ei
2,cores,close,dynamic,#pragma omp parallel for,#pragma unroll,#pragma omp for nowait,MPI_Barrier(MPI_COMM_WORLD);,0.0,False,1,"GaussianProcessRegressor(kernel=Matern(length_scale=1, nu=1.5))",ei
96,cores,spread,dynamic,#pragma omp parallel for,#pragma unroll,#pragma omp for nowait, ,-2.2736433717367244,False,1,"GaussianProcessRegressor(kernel=Matern(length_scale=1, nu=1.5))",ei
256,sockets,close,static,#pragma omp parallel for, ,#pragma omp for nowait, ,-7.085528519058421,False,1,GaussianProcessRegressor(kernel=DotProduct(sigma_0=1) + WhiteKernel(noise_level=1)),ei
192,cores,close,dynamic,#pragma omp parallel for,#pragma unroll,#pragma omp for nowait, ,-7.090464922822453,False,1,GaussianProcessRegressor(kernel=DotProduct(sigma_0=1) + WhiteKernel(noise_level=1)),ei
256,sockets,master,dynamic, , ,#pragma omp for nowait, ,-7.145695033790426,False,1,GaussianProcessRegressor(kernel=DotProduct(sigma_0=1) + WhiteKernel(noise_level=1)),ei
8,sockets,close,static,#pragma omp parallel for,#pragma unroll,#pragma omp for nowait,MPI_Barrier(MPI_COMM_WORLD);,-3.20745880518679,False,1,"GaussianProcessRegressor(kernel=Matern(length_scale=1, nu=1.5))",ei
256,cores,spread,dynamic,#pragma omp parallel for,#pragma unroll (6),#pragma omp for nowait, ,-8.597733333333334,True,0,GaussianProcessRegressor(kernel=DotProduct(sigma_0=1) + WhiteKernel(noise_level=1)),ei
256,threads,close,dynamic,#pragma omp parallel for,#pragma unroll,#pragma omp for nowait, ,-8.521009999999999,True,0,GaussianProcessRegressor(kernel=DotProduct(sigma_0=1) + WhiteKernel(noise_level=1)),ei
256,cores,close,dynamic,#pragma omp parallel for, ,#pragma omp for nowait, ,-8.550756666666667,True,0,GaussianProcessRegressor(kernel=DotProduct(sigma_0=1) + WhiteKernel(noise_level=1)),ei
256,cores,spread,dynamic,#pragma omp parallel for,#pragma unroll,#pragma omp for nowait,MPI_Barrier(MPI_COMM_WORLD);,-9.14493,True,0,GaussianProcessRegressor(kernel=DotProduct(sigma_0=1) + WhiteKernel(noise_level=1)),ei
256,cores,spread,dynamic,#pragma omp parallel for, ,#pragma omp for nowait, ,-8.410036666666668,True,0,GaussianProcessRegressor(kernel=DotProduct(sigma_0=1) + WhiteKernel(noise_level=1)),ei
256,sockets,close,dynamic,#pragma omp parallel for,#pragma unroll,#pragma omp for nowait, ,-7.170951213430387,False,1,GaussianProcessRegressor(kernel=DotProduct(sigma_0=1) + WhiteKernel(noise_level=1)),ei
256,cores,master,dynamic,#pragma omp parallel for, ,#pragma omp for nowait,MPI_Barrier(MPI_COMM_WORLD);,-7.159429864399417,False,1,GaussianProcessRegressor(kernel=DotProduct(sigma_0=1) + WhiteKernel(noise_level=1)),ei
256,cores,close,dynamic,#pragma omp parallel for, ,#pragma omp for nowait, ,-7.1578340090890205,False,1,GaussianProcessRegressor(kernel=DotProduct(sigma_0=1) + WhiteKernel(noise_level=1)),ei
256,cores,close,dynamic,#pragma omp parallel for, ,#pragma omp for nowait, ,-7.157784330756276,False,1,GaussianProcessRegressor(kernel=DotProduct(sigma_0=1) + WhiteKernel(noise_level=1)),ei
256,cores,spread,dynamic,#pragma omp parallel for, ,#pragma omp for nowait,MPI_Barrier(MPI_COMM_WORLD);,-7.155436493289114,False,1,GaussianProcessRegressor(kernel=DotProduct(sigma_0=1) + WhiteKernel(noise_level=1)),ei
256,sockets,close,dynamic,#pragma omp parallel for,#pragma unroll,#pragma omp for nowait,MPI_Barrier(MPI_COMM_WORLD);,-7.211006142038364,False,1,GaussianProcessRegressor(kernel=DotProduct(sigma_0=1) + WhiteKernel(noise_level=1)),ei
256,cores,close,dynamic,#pragma omp parallel for, ,#pragma omp for nowait, ,-7.157687658111426,False,1,GaussianProcessRegressor(kernel=DotProduct(sigma_0=1) + WhiteKernel(noise_level=1)),ei
256,cores,spread,dynamic,#pragma omp parallel for,#pragma unroll,#pragma omp for nowait,MPI_Barrier(MPI_COMM_WORLD);,-8.472286666666667,True,0,GaussianProcessRegressor(kernel=DotProduct(sigma_0=1) + WhiteKernel(noise_level=1)),ei
256,cores,close,dynamic,#pragma omp parallel for,#pragma unroll (6),#pragma omp for nowait, ,-8.52324,True,0,GaussianProcessRegressor(kernel=DotProduct(sigma_0=1) + WhiteKernel(noise_level=1)),ei
256,cores,spread,dynamic,#pragma omp parallel for,#pragma unroll (6),#pragma omp for nowait,MPI_Barrier(MPI_COMM_WORLD);,-8.565453333333332,True,0,GaussianProcessRegressor(kernel=DotProduct(sigma_0=1) + WhiteKernel(noise_level=1)),ei
256,cores,close,dynamic,#pragma omp parallel for, ,#pragma omp for nowait,MPI_Barrier(MPI_COMM_WORLD);,-8.62853,True,0,GaussianProcessRegressor(kernel=DotProduct(sigma_0=1) + WhiteKernel(noise_level=1)),ei
256,cores,master,static,#pragma omp parallel for,#pragma unroll (6),#pragma omp for nowait, ,-8.649526666666667,True,0,GaussianProcessRegressor(kernel=DotProduct(sigma_0=1) + WhiteKernel(noise_level=1)),ei
256,cores,close,dynamic,#pragma omp parallel for, ,#pragma omp for nowait, ,-7.221880834362771,False,1,GaussianProcessRegressor(kernel=DotProduct(sigma_0=1) + WhiteKernel(noise_level=1)),ei
256,cores,spread,static,#pragma omp parallel for, ,#pragma omp for nowait, ,-7.230324225108868,False,1,GaussianProcessRegressor(kernel=DotProduct(sigma_0=1) + WhiteKernel(noise_level=1)),ei
256,cores,close,static,#pragma omp parallel for, ,#pragma omp for nowait, ,-7.229884476762543,False,1,GaussianProcessRegressor(kernel=DotProduct(sigma_0=1) + WhiteKernel(noise_level=1)),ei
64,cores,close,dynamic,#pragma omp parallel for,#pragma unroll,#pragma omp for nowait, ,-7.285791445918201,False,1,GaussianProcessRegressor(kernel=DotProduct(sigma_0=1) + WhiteKernel(noise_level=1)),ei
192,cores,master,dynamic,#pragma omp parallel for, ,#pragma omp for nowait, ,-7.229703182971036,False,1,GaussianProcessRegressor(kernel=DotProduct(sigma_0=1) + WhiteKernel(noise_level=1)),ei
96,threads,master,static,#pragma omp parallel for,#pragma unroll,#pragma omp for nowait, ,-2.9144153469403653,False,1,"GaussianProcessRegressor(kernel=Matern(length_scale=1, nu=1.5))",ei
256,cores,master,dynamic,#pragma omp parallel for, ,#pragma omp for nowait, ,-7.222382921953401,False,1,GaussianProcessRegressor(kernel=DotProduct(sigma_0=1) + WhiteKernel(noise_level=1)),ei
256,sockets,master,static,#pragma omp parallel for,#pragma unroll (6),#pragma omp for nowait, ,-7.1890431055753785,False,1,GaussianProcessRegressor(kernel=DotProduct(sigma_0=1) + WhiteKernel(noise_level=1)),ei
256,sockets,master,static,#pragma omp parallel for, ,#pragma omp for nowait, ,-8.583983333333334,True,0,GaussianProcessRegressor(kernel=DotProduct(sigma_0=1) + WhiteKernel(noise_level=1)),ei
256,threads,spread,static,#pragma omp parallel for,#pragma unroll,#pragma omp for nowait, ,-8.539206666666667,True,0,GaussianProcessRegressor(kernel=DotProduct(sigma_0=1) + WhiteKernel(noise_level=1)),ei
192,cores,master,static,#pragma omp parallel for,#pragma unroll,#pragma omp for nowait, ,-8.304756666666668,True,0,GaussianProcessRegressor(kernel=DotProduct(sigma_0=1) + WhiteKernel(noise_level=1)),ei
256,cores,master,dynamic,#pragma omp parallel for,#pragma unroll,#pragma omp for nowait,MPI_Barrier(MPI_COMM_WORLD);,-10.842170000000001,True,0,GaussianProcessRegressor(kernel=DotProduct(sigma_0=1) + WhiteKernel(noise_level=1)),ei
256,sockets,close,static,#pragma omp parallel for, ,#pragma omp for nowait, ,-10.724556666666667,True,0,GaussianProcessRegressor(kernel=DotProduct(sigma_0=1) + WhiteKernel(noise_level=1)),ei
96,cores,close,dynamic,#pragma omp parallel for,#pragma unroll,#pragma omp for nowait,MPI_Barrier(MPI_COMM_WORLD);,-3.247922861927364,False,1,"GaussianProcessRegressor(kernel=Matern(length_scale=1, nu=1.5))",ei
64,sockets,close,dynamic,#pragma omp parallel for,#pragma unroll,#pragma omp for nowait, ,-7.34166935292804,False,1,GaussianProcessRegressor(kernel=DotProduct(sigma_0=1) + WhiteKernel(noise_level=1)),ei
16,threads,close,dynamic, ,#pragma unroll (6),#pragma omp for nowait,MPI_Barrier(MPI_COMM_WORLD);,0.0,False,1,"GaussianProcessRegressor(kernel=Matern(length_scale=1, nu=1.5))",ei
32,threads,close,dynamic,#pragma omp parallel for, ,#pragma omp for nowait,MPI_Barrier(MPI_COMM_WORLD);,-1.9812790319794527,False,1,"GaussianProcessRegressor(kernel=Matern(length_scale=1, nu=1.5))",ei
64,cores,spread,dynamic, , ,#pragma omp for nowait, ,-7.2730700863843065,False,1,GaussianProcessRegressor(kernel=DotProduct(sigma_0=1) + WhiteKernel(noise_level=1)),ei
64,cores,master,dynamic, , ,#pragma omp for nowait,MPI_Barrier(MPI_COMM_WORLD);,-7.275299157445323,False,1,GaussianProcessRegressor(kernel=DotProduct(sigma_0=1) + WhiteKernel(noise_level=1)),ei
64,cores,close,dynamic, ,#pragma unroll (6),#pragma omp for nowait,MPI_Barrier(MPI_COMM_WORLD);,-7.058465010651021,False,1,GaussianProcessRegressor(kernel=DotProduct(sigma_0=1) + WhiteKernel(noise_level=1)),ei
2,sockets,close,dynamic, ,#pragma unroll,#pragma omp for nowait,MPI_Barrier(MPI_COMM_WORLD);,-21.617483333333336,True,0,GaussianProcessRegressor(kernel=DotProduct(sigma_0=1) + WhiteKernel(noise_level=1)),ei
2,cores,master,static,#pragma omp parallel for, ,#pragma omp for,MPI_Barrier(MPI_COMM_WORLD);,-14.165999999999999,True,0,GaussianProcessRegressor(kernel=DotProduct(sigma_0=1) + WhiteKernel(noise_level=1)),ei
256,sockets,close,dynamic, , ,#pragma omp for nowait, ,-14.098066666666668,True,0,GaussianProcessRegressor(kernel=DotProduct(sigma_0=1) + WhiteKernel(noise_level=1)),ei
192,cores,close,dynamic,#pragma omp parallel for,#pragma unroll,#pragma omp for nowait,MPI_Barrier(MPI_COMM_WORLD);,-14.955966666666667,True,0,GaussianProcessRegressor(kernel=DotProduct(sigma_0=1) + WhiteKernel(noise_level=1)),ei
64,cores,master,static,#pragma omp parallel for, ,#pragma omp for nowait,MPI_Barrier(MPI_COMM_WORLD);,-14.787600000000003,True,0,GaussianProcessRegressor(kernel=DotProduct(sigma_0=1) + WhiteKernel(noise_level=1)),ei
256,cores,master,dynamic, ,#pragma unroll,#pragma omp for, ,-7.295452454249073,False,1,GaussianProcessRegressor(kernel=DotProduct(sigma_0=1) + WhiteKernel(noise_level=1)),ei
256,sockets,close,dynamic, ,#pragma unroll,#pragma omp for, ,-7.388525153836791,False,1,GaussianProcessRegressor(kernel=DotProduct(sigma_0=1) + WhiteKernel(noise_level=1)),ei
256,cores,close,static, , ,#pragma omp for nowait, ,-7.012244665924588,False,1,GaussianProcessRegressor(kernel=DotProduct(sigma_0=1) + WhiteKernel(noise_level=1)),ei
64,threads,close,dynamic, , ,#pragma omp for nowait,MPI_Barrier(MPI_COMM_WORLD);,-7.072699364243416,False,1,GaussianProcessRegressor(kernel=DotProduct(sigma_0=1) + WhiteKernel(noise_level=1)),ei
256,cores,close,dynamic, ,#pragma unroll,#pragma omp for, ,-16.285966666666667,True,0,GaussianProcessRegressor(kernel=DotProduct(sigma_0=1) + WhiteKernel(noise_level=1)),ei
64,sockets,close,dynamic,#pragma omp parallel for, ,#pragma omp for nowait, ,-15.932233333333334,True,0,GaussianProcessRegressor(kernel=DotProduct(sigma_0=1) + WhiteKernel(noise_level=1)),ei
256,cores,master,static, , ,#pragma omp for nowait,MPI_Barrier(MPI_COMM_WORLD);,-13.908633333333333,True,0,GaussianProcessRegressor(kernel=DotProduct(sigma_0=1) + WhiteKernel(noise_level=1)),ei
256,cores,master,static,#pragma omp parallel for, ,#pragma omp for,MPI_Barrier(MPI_COMM_WORLD);,-15.583766666666667,True,0,GaussianProcessRegressor(kernel=DotProduct(sigma_0=1) + WhiteKernel(noise_level=1)),ei
256,cores,master,dynamic,#pragma omp parallel for,#pragma unroll,#pragma omp for, ,-15.318400000000002,True,0,GaussianProcessRegressor(kernel=DotProduct(sigma_0=1) + WhiteKernel(noise_level=1)),ei
